,,shift_step_-1.000_nn_result,shift_step_-1.000_threshold_result,shift_step_-1.000_average_result,shift_step_-1.000_hmm_bino_result,shift_step_-1.000_hmm_gmm_result,shift_step_-1.000_hmm_bino_threshold_result,shift_step_-0.500_nn_result,shift_step_-0.500_threshold_result,shift_step_-0.500_average_result,shift_step_-0.500_hmm_bino_result,shift_step_-0.500_hmm_gmm_result,shift_step_-0.500_hmm_bino_threshold_result,shift_step_0.500_nn_result,shift_step_0.500_threshold_result,shift_step_0.500_average_result,shift_step_0.500_hmm_bino_result,shift_step_0.500_hmm_gmm_result,shift_step_0.500_hmm_bino_threshold_result,shift_step_1.000_nn_result,shift_step_1.000_threshold_result,shift_step_1.000_average_result,shift_step_1.000_hmm_bino_result,shift_step_1.000_hmm_gmm_result,shift_step_1.000_hmm_bino_threshold_result,stretch_rate_0.810_nn_result,stretch_rate_0.810_threshold_result,stretch_rate_0.810_average_result,stretch_rate_0.810_hmm_bino_result,stretch_rate_0.810_hmm_gmm_result,stretch_rate_0.810_hmm_bino_threshold_result,stretch_rate_0.930_nn_result,stretch_rate_0.930_threshold_result,stretch_rate_0.930_average_result,stretch_rate_0.930_hmm_bino_result,stretch_rate_0.930_hmm_gmm_result,stretch_rate_0.930_hmm_bino_threshold_result,stretch_rate_1.070_nn_result,stretch_rate_1.070_threshold_result,stretch_rate_1.070_average_result,stretch_rate_1.070_hmm_bino_result,stretch_rate_1.070_hmm_gmm_result,stretch_rate_1.070_hmm_bino_threshold_result,stretch_rate_1.230_nn_result,stretch_rate_1.230_threshold_result,stretch_rate_1.230_average_result,stretch_rate_1.230_hmm_bino_result,stretch_rate_1.230_hmm_gmm_result,stretch_rate_1.230_hmm_bino_threshold_result,crop_rate_0.900_nn_result,crop_rate_0.900_threshold_result,crop_rate_0.900_average_result,crop_rate_0.900_hmm_bino_result,crop_rate_0.900_hmm_gmm_result,crop_rate_0.900_hmm_bino_threshold_result,crop_rate_0.800_nn_result,crop_rate_0.800_threshold_result,crop_rate_0.800_average_result,crop_rate_0.800_hmm_bino_result,crop_rate_0.800_hmm_gmm_result,crop_rate_0.800_hmm_bino_threshold_result,crop_rate_0.700_nn_result,crop_rate_0.700_threshold_result,crop_rate_0.700_average_result,crop_rate_0.700_hmm_bino_result,crop_rate_0.700_hmm_gmm_result,crop_rate_0.700_hmm_bino_threshold_result,crop_rate_0.600_nn_result,crop_rate_0.600_threshold_result,crop_rate_0.600_average_result,crop_rate_0.600_hmm_bino_result,crop_rate_0.600_hmm_gmm_result,crop_rate_0.600_hmm_bino_threshold_result,shift_step_-1.000_svm_result,shift_step_-0.500_svm_result,shift_step_0.500_svm_result,shift_step_1.000_svm_result,stretch_rate_0.810_svm_result,stretch_rate_0.930_svm_result,stretch_rate_1.070_svm_result,stretch_rate_1.230_svm_result,crop_rate_0.900_svm_result,crop_rate_0.800_svm_result,crop_rate_0.700_svm_result,crop_rate_0.600_svm_result
crnn_picth_shift,confusion matrix,"[[7.96674e+05 2.88600e+03]
 [5.27000e+02 6.31300e+03]]","[[7.96656e+05 2.86700e+03]
 [5.45000e+02 6.33200e+03]]","[[7.96656e+05 2.86700e+03]
 [5.45000e+02 6.33200e+03]]","[[7.96745e+05 2.90300e+03]
 [4.56000e+02 6.29600e+03]]","[[791345.   1608.]
 [  5856.   7591.]]","[[7.96726e+05 2.89500e+03]
 [4.75000e+02 6.30400e+03]]","[[7.96601e+05 2.18200e+03]
 [6.00000e+02 7.01700e+03]]","[[7.9659e+05 2.1410e+03]
 [6.1100e+02 7.0580e+03]]","[[7.9659e+05 2.1410e+03]
 [6.1100e+02 7.0580e+03]]","[[7.96648e+05 2.18700e+03]
 [5.53000e+02 7.01200e+03]]","[[790991.    969.]
 [  6210.   8230.]]","[[7.96635e+05 2.15000e+03]
 [5.66000e+02 7.04900e+03]]","[[7.96581e+05 2.45900e+03]
 [6.20000e+02 6.74000e+03]]","[[7.96588e+05 2.41700e+03]
 [6.13000e+02 6.78200e+03]]","[[7.96588e+05 2.41700e+03]
 [6.13000e+02 6.78200e+03]]","[[7.96651e+05 2.45800e+03]
 [5.50000e+02 6.74100e+03]]","[[791073.   1095.]
 [  6128.   8104.]]","[[7.96641e+05 2.42400e+03]
 [5.60000e+02 6.77500e+03]]","[[7.96581e+05 4.11900e+03]
 [6.20000e+02 5.08000e+03]]","[[7.96591e+05 4.06400e+03]
 [6.10000e+02 5.13500e+03]]","[[7.96591e+05 4.06400e+03]
 [6.10000e+02 5.13500e+03]]","[[7.96686e+05 4.06500e+03]
 [5.15000e+02 5.13400e+03]]","[[791410.   2033.]
 [  5791.   7166.]]","[[7.96675e+05 4.02800e+03]
 [5.26000e+02 5.17100e+03]]",,,,,,,,,,,,,,,,,,,,,,,,,,,,,,,,,,,,,,,,,,,,,,,,,,,,,,,,,,,,
crnn_picth_shift,segment precision,0.922953216374269,0.9207503271775483,0.9207503271775483,0.9324644549763034,0.5645125306759872,0.9299306682401535,0.9212288302481292,0.9203285956448037,0.9203285956448037,0.9269001982815598,0.5699445983379502,0.9256730137885751,0.9157608695652174,0.91710615280595,0.91710615280595,0.9245645316143191,0.5694210230466554,0.923653715064758,0.8912280701754386,0.8938207136640557,0.8938207136640557,0.9088334218445743,0.5530601219418075,0.9076707038792347,,,,,,,,,,,,,,,,,,,,,,,,,,,,,,,,,,,,,,,,,,,,,,,,,,,,,,,,,,,,
crnn_picth_shift,sgement recall,0.6862702467659528,0.688335688661811,0.688335688661811,0.6844222198065008,0.8251983911294706,0.6852918795521252,0.762800304380911,0.7672573105772367,0.7672573105772367,0.7622567670398956,0.8946624633112295,0.7662789433634091,0.7326883356886618,0.7372540493531906,0.7372540493531906,0.7327970431568649,0.8809653223176432,0.7364930970757692,0.552233938471573,0.5582128492227416,0.5582128492227416,0.5581041417545385,0.7789977171431678,0.5621263180780519,,,,,,,,,,,,,,,,,,,,,,,,,,,,,,,,,,,,,,,,,,,,,,,,,,,,,,,,,,,,
crnn_picth_shift,sgement F-score,0.7872061849242471,0.7877581487932321,0.7877581487932321,0.7894175913735816,0.6704053696016956,0.7890849918638128,0.8345623215984777,0.8368508418306854,0.8368508418306854,0.8365545215938917,0.6963069503786116,0.8384679433805162,0.8140588199770518,0.8174038809208147,0.8174038809208147,0.8175864160097028,0.691733174000256,0.8195234063142616,0.6819249614068058,0.6872323340471093,0.6872323340471093,0.6915409482758621,0.646867665643618,0.694280343716434,,,,,,,,,,,,,,,,,,,,,,,,,,,,,,,,,,,,,,,,,,,,,,,,,,,,,,,,,,,,
crnn_picth_shift,number of label,1858,1858,1858,1858,1858,1858,1858,1858,1858,1858,1858,1858,1858,1858,1858,1858,1858,1858,1858,1858,1858,1858,1858,1858,,,,,,,,,,,,,,,,,,,,,,,,,,,,,,,,,,,,,,,,,,,,,,,,,,,,,,,,,,,,
crnn_picth_shift,number of prediction,1580,1569,1569,1407,1723,1402,1727,1710,1710,1549,1848,1543,1732,1720,1720,1491,1824,1490,1578,1559,1559,1221,1664,1220,,,,,,,,,,,,,,,,,,,,,,,,,,,,,,,,,,,,,,,,,,,,,,,,,,,,,,,,,,,,
crnn_picth_shift,number of matching event,1404.0,1408.0,1408.0,1359.0,1430.0,1360.0,1533.0,1528.0,1528.0,1493.0,1566.0,1489.0,1498.0,1510.0,1510.0,1432.0,1546.0,1439.0,1240.0,1255.0,1255.0,1153.0,1357.0,1158.0,,,,,,,,,,,,,,,,,,,,,,,,,,,,,,,,,,,,,,,,,,,,,,,,,,,,,,,,,,,,
crnn_picth_shift,total matching iou,1146.1922799422798,1145.0561688311686,1145.0561688311686,1134.3372238872234,967.1119218834358,1132.2903984903983,1282.0986291486288,1284.121248196248,1284.121248196248,1272.1958513708514,1077.549399054018,1273.6089466089463,1226.6736652236652,1228.8419191919188,1228.8419191919188,1222.638997113997,1052.3796729005307,1223.2001082251081,885.7050144300146,893.7776334776333,893.7776334776333,899.4953407703408,932.3832759931095,902.5830391830391,,,,,,,,,,,,,,,,,,,,,,,,,,,,,,,,,,,,,,,,,,,,,,,,,,,,,,,,,,,,
crnn_picth_shift,encounter number error,278,289,289,451,135,456,131,148,148,309,10,315,126,138,138,367,34,368,280,299,299,637,194,638,,,,,,,,,,,,,,,,,,,,,,,,,,,,,,,,,,,,,,,,,,,,,,,,,,,,,,,,,,,,
crnn_picth_shift,encounter error rate,0.1496232508073197,0.15554359526372444,0.15554359526372444,0.24273412271259417,0.07265877287405813,0.24542518837459634,0.07050592034445641,0.07965554359526372,0.07965554359526372,0.16630785791173305,0.005382131324004306,0.16953713670613563,0.06781485468245425,0.07427341227125941,0.07427341227125941,0.197524219590958,0.01829924650161464,0.19806243272335844,0.15069967707212056,0.16092572658772875,0.16092572658772875,0.3428417653390743,0.10441334768568353,0.3433799784714747,,,,,,,,,,,,,,,,,,,,,,,,,,,,,,,,,,,,,,,,,,,,,,,,,,,,,,,,,,,,
crnn_picth_shift,event precision,0.8886075949367088,0.8973868706182282,0.8973868706182282,0.9658848614072495,0.8299477655252466,0.9700427960057061,0.8876664736537349,0.8935672514619883,0.8935672514619883,0.9638476436410588,0.8474025974025974,0.9650032404407,0.8648960739030023,0.877906976744186,0.877906976744186,0.960429242119383,0.8475877192982456,0.9657718120805369,0.7858048162230672,0.8050032071840924,0.8050032071840924,0.9443079443079443,0.8155048076923077,0.9491803278688524,,,,,,,,,,,,,,,,,,,,,,,,,,,,,,,,,,,,,,,,,,,,,,,,,,,,,,,,,,,,
crnn_picth_shift,event recall,0.7556512378902045,0.7578040904198062,0.7578040904198062,0.7314316469321851,0.7696447793326158,0.7319698600645855,0.8250807319698601,0.8223896663078579,0.8223896663078579,0.8035522066738429,0.8428417653390743,0.8013993541442411,0.806243272335845,0.8127018299246501,0.8127018299246501,0.7707212055974165,0.8320775026910656,0.7744886975242196,0.667384284176534,0.6754574811625403,0.6754574811625403,0.6205597416576965,0.7303552206673842,0.6232508073196986,,,,,,,,,,,,,,,,,,,,,,,,,,,,,,,,,,,,,,,,,,,,,,,,,,,,,,,,,,,,
crnn_picth_shift,event F-score,0.8167539267015707,0.8217099503939306,0.8217099503939306,0.8324655436447167,0.7986595922926557,0.8343558282208589,0.8552301255230126,0.8565022421524664,0.8565022421524664,0.876430877604931,0.8451160280626012,0.8756248162305205,0.8345403899721449,0.8440469536053661,0.8440469536053661,0.8551806509405793,0.8397609994568169,0.8596176821983273,0.7217694994179278,0.7345624817091015,0.7345624817091015,0.7489444624878208,0.7705848949460534,0.7524366471734892,,,,,,,,,,,,,,,,,,,,,,,,,,,,,,,,,,,,,,,,,,,,,,,,,,,,,,,,,,,,
crnn_picth_shift,pred event,[1 0 0 ... 0 0 0],[1 0 0 ... 1 1 0],[1 0 0 ... 1 1 0],[1 0 0 ... 1 1 1],[1 1 1 ... 0 0 0],[1 0 0 ... 1 1 1],[1 1 0 ... 0 0 0],[1 1 0 ... 0 0 0],[1 1 0 ... 0 0 0],[0 1 0 ... 1 1 1],[0 1 1 ... 0 0 0],[0 1 0 ... 1 1 1],[1 1 1 ... 0 0 0],[1 1 1 ... 0 0 0],[1 1 1 ... 0 0 0],[1 1 1 ... 1 0 0],[0 0 0 ... 0 0 0],[1 1 1 ... 1 0 0],[1 1 1 ... 0 0 0],[1 1 1 ... 1 1 1],[1 1 1 ... 1 1 1],[1 1 1 ... 1 1 1],[0 0 0 ... 0 0 0],[1 1 1 ... 1 1 1],,,,,,,,,,,,,,,,,,,,,,,,,,,,,,,,,,,,,,,,,,,,,,,,,,,,,,,,,,,,
crnn_picth_shift,label event,[0 0 0 ... 1 1 1],[0 0 0 ... 1 1 1],[0 0 0 ... 1 1 1],[0 0 0 ... 1 1 1],[1 0 1 ... 1 1 1],[0 0 0 ... 1 1 1],[1 1 1 ... 1 1 1],[1 1 1 ... 1 1 1],[1 1 1 ... 1 1 1],[0 0 1 ... 1 1 1],[1 1 1 ... 1 1 1],[0 0 1 ... 1 1 1],[0 0 0 ... 1 1 1],[0 0 0 ... 1 1 1],[0 0 0 ... 1 1 1],[0 0 0 ... 1 1 1],[0 0 0 ... 1 1 1],[0 0 0 ... 1 1 1],[0 0 0 ... 1 1 1],[0 0 0 ... 1 1 1],[0 0 0 ... 1 1 1],[0 0 0 ... 1 1 1],[0 0 0 ... 1 1 1],[0 0 0 ... 1 1 1],,,,,,,,,,,,,,,,,,,,,,,,,,,,,,,,,,,,,,,,,,,,,,,,,,,,,,,,,,,,
crnn_time_stretch,confusion matrix,,,,,,,,,,,,,,,,,,,,,,,,,"[[7.96572e+05 2.03200e+03]
 [6.29000e+02 7.16700e+03]]","[[7.96542e+05 1.97500e+03]
 [6.59000e+02 7.22400e+03]]","[[7.96542e+05 1.97500e+03]
 [6.59000e+02 7.22400e+03]]","[[7.96622e+05 2.07000e+03]
 [5.79000e+02 7.12900e+03]]","[[790982.    894.]
 [  6219.   8305.]]","[[7.96589e+05 2.01000e+03]
 [6.12000e+02 7.18900e+03]]","[[7.96615e+05 2.03300e+03]
 [5.86000e+02 7.16600e+03]]","[[7.96581e+05 1.99400e+03]
 [6.20000e+02 7.20500e+03]]","[[7.96581e+05 1.99400e+03]
 [6.20000e+02 7.20500e+03]]","[[7.96688e+05 2.07600e+03]
 [5.13000e+02 7.12300e+03]]","[[791053.    857.]
 [  6148.   8342.]]","[[7.96647e+05 2.04000e+03]
 [5.54000e+02 7.15900e+03]]","[[7.96571e+05 2.04800e+03]
 [6.30000e+02 7.15100e+03]]","[[7.96564e+05 2.00500e+03]
 [6.37000e+02 7.19400e+03]]","[[7.96564e+05 2.00500e+03]
 [6.37000e+02 7.19400e+03]]","[[7.96623e+05 2.08100e+03]
 [5.78000e+02 7.11800e+03]]","[[790853.    928.]
 [  6348.   8271.]]","[[7.96601e+05 2.05000e+03]
 [6.00000e+02 7.14900e+03]]","[[7.96619e+05 2.11000e+03]
 [5.82000e+02 7.08900e+03]]","[[7.96565e+05 2.04000e+03]
 [6.36000e+02 7.15900e+03]]","[[7.96565e+05 2.04000e+03]
 [6.36000e+02 7.15900e+03]]","[[7.96649e+05 2.11800e+03]
 [5.52000e+02 7.08100e+03]]","[[791252.    970.]
 [  5949.   8229.]]","[[7.96591e+05 2.06100e+03]
 [6.10000e+02 7.13800e+03]]",,,,,,,,,,,,,,,,,,,,,,,,,,,,,,,,,,,,
crnn_time_stretch,segment precision,,,,,,,,,,,,,,,,,,,,,,,,,0.9193175987685993,0.9164023848788533,0.9164023848788533,0.924883238194084,0.5718121729551088,0.9215485194205871,0.9244066047471621,0.9207667731629393,0.9207667731629393,0.9328182294394971,0.5757073844030366,0.9281732140541942,0.9190335432463693,0.9186566211211851,0.9186566211211851,0.9248960498960499,0.5657705725425816,0.9225706542779714,0.9241298396558467,0.918409236690186,0.918409236690186,0.9276824315472292,0.5804062632247143,0.9212700051626226,,,,,,,,,,,,,,,,,,,,,,,,,,,,,,,,,,,,
crnn_time_stretch,sgement recall,,,,,,,,,,,,,,,,,,,,,,,,,0.7791064246113708,0.7853027502989456,0.7853027502989456,0.7749755408196544,0.9028155234264594,0.7814979889118382,0.7789977171431678,0.7832373084030873,0.7832373084030873,0.7743232960104359,0.9068376997499729,0.7782367648657462,0.7773671051201217,0.7820415262528536,0.7820415262528536,0.7737797586694206,0.8991194695075552,0.7771496901837156,0.7706272420915317,0.7782367648657462,0.7782367648657462,0.7697575823459072,0.8945537558430264,0.7759539080334819,,,,,,,,,,,,,,,,,,,,,,,,,,,,,,,,,,,,
crnn_time_stretch,sgement F-score,,,,,,,,,,,,,,,,,,,,,,,,,0.8434245366284201,0.8458025992272568,0.8458025992272568,0.8433193351866091,0.7001643974202251,0.845764705882353,0.8454958409533361,0.8464520676691729,0.8464520676691729,0.8462132462132462,0.7042931318333404,0.8466177861873226,0.8422850412249705,0.8448620082207868,0.8448620082207868,0.8426161586268127,0.694516752036275,0.8436393674769884,0.8404267931238886,0.8425326585853831,0.8425326585853831,0.8413735741444867,0.7040253240364461,0.8423909836549242,,,,,,,,,,,,,,,,,,,,,,,,,,,,,,,,,,,,
crnn_time_stretch,number of label,,,,,,,,,,,,,,,,,,,,,,,,,1858,1858,1858,1858,1858,1858,1858,1858,1858,1858,1858,1858,1858,1858,1858,1858,1858,1858,1858,1858,1858,1858,1858,1858,,,,,,,,,,,,,,,,,,,,,,,,,,,,,,,,,,,,
crnn_time_stretch,number of prediction,,,,,,,,,,,,,,,,,,,,,,,,,1715,1728,1728,1542,1864,1544,1745,1757,1757,1539,1874,1546,1748,1741,1741,1546,1855,1545,1686,1703,1703,1540,1783,1548,,,,,,,,,,,,,,,,,,,,,,,,,,,,,,,,,,,,
crnn_time_stretch,number of matching event,,,,,,,,,,,,,,,,,,,,,,,,,1551.0,1555.0,1555.0,1492.0,1578.0,1494.0,1567.0,1574.0,1574.0,1501.0,1580.0,1501.0,1550.0,1560.0,1560.0,1494.0,1566.0,1491.0,1533.0,1543.0,1543.0,1493.0,1550.0,1494.0,,,,,,,,,,,,,,,,,,,,,,,,,,,,,,,,,,,,
crnn_time_stretch,total matching iou,,,,,,,,,,,,,,,,,,,,,,,,,1305.6036435786434,1312.0224747474745,1312.0224747474745,1290.4221139971135,1088.933038417892,1295.7802308802306,1308.7045815295814,1312.3264069264067,1312.3264069264067,1293.125896325896,1092.0973085771784,1295.4846264846262,1309.313708513708,1313.2962481962481,1313.2962481962481,1291.3707736707734,1067.1854172703008,1292.0870435120432,1290.1593795093797,1300.5688672438669,1300.5688672438669,1282.060642135642,1045.6378183860488,1288.3181457431451,,,,,,,,,,,,,,,,,,,,,,,,,,,,,,,,,,,,
crnn_time_stretch,encounter number error,,,,,,,,,,,,,,,,,,,,,,,,,143,130,130,316,6,314,113,101,101,319,16,312,110,117,117,312,3,313,172,155,155,318,75,310,,,,,,,,,,,,,,,,,,,,,,,,,,,,,,,,,,,,
crnn_time_stretch,encounter error rate,,,,,,,,,,,,,,,,,,,,,,,,,0.07696447793326157,0.06996770721205597,0.06996770721205597,0.17007534983853606,0.0032292787944025836,0.1689989235737352,0.06081808396124865,0.05435952637244349,0.05435952637244349,0.17168998923573736,0.008611410118406888,0.16792249730893433,0.059203444564047365,0.06297093649085038,0.06297093649085038,0.16792249730893433,0.0016146393972012918,0.16846071044133476,0.09257265877287406,0.08342303552206674,0.08342303552206674,0.17115177610333693,0.040365984930032295,0.1668460710441335,,,,,,,,,,,,,,,,,,,,,,,,,,,,,,,,,,,,
crnn_time_stretch,event precision,,,,,,,,,,,,,,,,,,,,,,,,,0.9043731778425655,0.8998842592592593,0.8998842592592593,0.9675745784695201,0.8465665236051502,0.9676165803108808,0.8979942693409743,0.8958451906659078,0.8958451906659078,0.9753086419753086,0.8431163287086446,0.9708926261319534,0.8867276887871853,0.8960367604824814,0.8960367604824814,0.9663648124191462,0.8442048517520215,0.9650485436893204,0.9092526690391459,0.9060481503229595,0.9060481503229595,0.9694805194805195,0.8693213684800898,0.9651162790697675,,,,,,,,,,,,,,,,,,,,,,,,,,,,,,,,,,,,
crnn_time_stretch,event recall,,,,,,,,,,,,,,,,,,,,,,,,,0.8347685683530678,0.8369214208826695,0.8369214208826695,0.8030139935414424,0.8493003229278795,0.8040904198062433,0.8433799784714747,0.8471474703982778,0.8471474703982778,0.8078579117330463,0.8503767491926802,0.8078579117330463,0.8342303552206674,0.8396124865446717,0.8396124865446717,0.8040904198062433,0.8428417653390743,0.802475780409042,0.8250807319698601,0.8304628632938643,0.8304628632938643,0.8035522066738429,0.8342303552206674,0.8040904198062433,,,,,,,,,,,,,,,,,,,,,,,,,,,,,,,,,,,,
crnn_time_stretch,event F-score,,,,,,,,,,,,,,,,,,,,,,,,,0.8681780016792612,0.8672615727830452,0.8672615727830452,0.8776470588235294,0.8479312197743148,0.8783068783068783,0.8698306966416874,0.8708160442600277,0.8708160442600277,0.8837209302325582,0.8467309753483387,0.881903642773208,0.8596783139212424,0.8669074742984162,0.8669074742984162,0.8777908343125734,0.8435227578777269,0.8762856303261828,0.8651241534988713,0.8666105026677899,0.8666105026677899,0.8787522071806946,0.8514144465806097,0.8772753963593658,,,,,,,,,,,,,,,,,,,,,,,,,,,,,,,,,,,,
crnn_time_stretch,pred event,,,,,,,,,,,,,,,,,,,,,,,,,[0 1 1 ... 0 0 0],[0 1 1 ... 0 0 0],[0 1 1 ... 0 0 0],[0 1 1 ... 0 0 0],[0 0 0 ... 0 0 0],[0 1 1 ... 0 0 0],[0 0 0 ... 0 0 0],[0 0 0 ... 1 0 0],[0 0 0 ... 1 0 0],[0 0 0 ... 1 1 0],[0 0 0 ... 0 0 0],[0 0 0 ... 1 1 0],[1 1 0 ... 0 0 0],[1 1 0 ... 1 1 0],[1 1 0 ... 1 1 0],[1 1 1 ... 1 1 1],[0 0 0 ... 0 0 0],[1 1 1 ... 1 1 1],[0 1 1 ... 1 0 0],[0 1 1 ... 1 0 0],[0 1 1 ... 1 0 0],[0 1 1 ... 1 1 1],[0 0 0 ... 0 0 0],[0 1 1 ... 1 1 1],,,,,,,,,,,,,,,,,,,,,,,,,,,,,,,,,,,,
crnn_time_stretch,label event,,,,,,,,,,,,,,,,,,,,,,,,,[0 0 0 ... 1 1 1],[0 0 0 ... 1 1 1],[0 0 0 ... 1 1 1],[0 0 0 ... 1 1 1],[0 0 1 ... 1 1 1],[0 0 0 ... 1 1 1],[0 0 0 ... 1 1 1],[0 0 0 ... 1 1 1],[0 0 0 ... 1 1 1],[0 0 0 ... 1 1 1],[0 0 0 ... 1 1 1],[0 0 0 ... 1 1 1],[0 0 0 ... 1 1 1],[0 0 0 ... 1 1 1],[0 0 0 ... 1 1 1],[0 0 0 ... 1 1 1],[0 0 0 ... 1 1 1],[0 0 0 ... 1 1 1],[0 0 0 ... 1 1 1],[0 0 0 ... 1 1 1],[0 0 0 ... 1 1 1],[0 0 0 ... 1 1 1],[0 0 0 ... 1 1 1],[0 0 0 ... 1 1 1],,,,,,,,,,,,,,,,,,,,,,,,,,,,,,,,,,,,
crnn_crop,confusion matrix,,,,,,,,,,,,,,,,,,,,,,,,,,,,,,,,,,,,,,,,,,,,,,,,,"[[7.96457e+05 1.56200e+03]
 [7.44000e+02 7.63700e+03]]","[[7.96428e+05 1.51600e+03]
 [7.73000e+02 7.68300e+03]]","[[7.96428e+05 1.51600e+03]
 [7.73000e+02 7.68300e+03]]","[[7.96515e+05 1.57800e+03]
 [6.86000e+02 7.62100e+03]]","[[7.91601e+05 5.72000e+02]
 [5.60000e+03 8.62700e+03]]","[[7.96471e+05 1.53700e+03]
 [7.30000e+02 7.66200e+03]]","[[7.96556e+05 1.72100e+03]
 [6.45000e+02 7.47800e+03]]","[[7.96515e+05 1.66800e+03]
 [6.86000e+02 7.53100e+03]]","[[7.96515e+05 1.66800e+03]
 [6.86000e+02 7.53100e+03]]","[[7.9659e+05 1.7440e+03]
 [6.1100e+02 7.4550e+03]]","[[7.91868e+05 7.02000e+02]
 [5.33300e+03 8.49700e+03]]","[[7.9654e+05 1.6830e+03]
 [6.6100e+02 7.5160e+03]]","[[7.96523e+05 1.89800e+03]
 [6.78000e+02 7.30100e+03]]","[[7.96511e+05 1.83700e+03]
 [6.90000e+02 7.36200e+03]]","[[7.96511e+05 1.83700e+03]
 [6.90000e+02 7.36200e+03]]","[[7.96553e+05 1.92000e+03]
 [6.48000e+02 7.27900e+03]]","[[7.91298e+05 7.76000e+02]
 [5.90300e+03 8.42300e+03]]","[[7.96536e+05 1.84100e+03]
 [6.65000e+02 7.35800e+03]]","[[7.96509e+05 2.18200e+03]
 [6.92000e+02 7.01700e+03]]","[[7.96494e+05 2.13600e+03]
 [7.07000e+02 7.06300e+03]]","[[7.96494e+05 2.13600e+03]
 [7.07000e+02 7.06300e+03]]","[[7.96533e+05 2.16700e+03]
 [6.68000e+02 7.03200e+03]]","[[790772.    938.]
 [  6429.   8261.]]","[[7.96524e+05 2.12800e+03]
 [6.77000e+02 7.07100e+03]]",,,,,,,,,,,,
crnn_crop,segment precision,,,,,,,,,,,,,,,,,,,,,,,,,,,,,,,,,,,,,,,,,,,,,,,,,0.9112277771149028,0.908585619678335,0.908585619678335,0.9174190441796075,0.6063822309692838,0.9130123927550048,0.9205958389757479,0.9165145430205671,0.9165145430205671,0.9242499380114059,0.6143890093998554,0.9191635073988015,0.915026945732548,0.9143070044709389,0.9143070044709389,0.918254068373912,0.5879519754292895,0.9171132992646143,0.910234790504605,0.909009009009009,0.909009009009009,0.9132467532467532,0.5623553437712729,0.9126226122870418,,,,,,,,,,,,
crnn_crop,sgement recall,,,,,,,,,,,,,,,,,,,,,,,,,,,,,,,,,,,,,,,,,,,,,,,,,0.8301989346668116,0.8351994782041526,0.8351994782041526,0.8284596151755625,0.9378193281878465,0.8329166213718883,0.8129144472225242,0.8186759430372866,0.8186759430372866,0.8104141754538536,0.923687357321448,0.8170453310142407,0.7936732253505816,0.8003043809109686,0.8003043809109686,0.7912816610501141,0.9156430046744212,0.7998695510381563,0.762800304380911,0.767800847918252,0.767800847918252,0.764430916403957,0.8980323948255245,0.7686705076638765,,,,,,,,,,,,
crnn_crop,sgement F-score,,,,,,,,,,,,,,,,,,,,,,,,,,,,,,,,,,,,,,,,,,,,,,,,,0.8688282138794085,0.8703483432455396,0.8703483432455396,0.8706729121444077,0.7365320583966533,0.8711272809959638,0.8634106916060501,0.8648369315571888,0.8648369315571888,0.8635968722849696,0.7379391202396978,0.8651012891344383,0.850040749796251,0.8535157382180744,0.8535157382180744,0.8500525516758145,0.7160892667375133,0.8544884450121937,0.8300212916962385,0.8324591902881725,0.8324591902881725,0.832238593999645,0.6916153878354054,0.8344839794653921,,,,,,,,,,,,
crnn_crop,number of label,,,,,,,,,,,,,,,,,,,,,,,,,,,,,,,,,,,,,,,,,,,,,,,,,1858,1858,1858,1858,1858,1858,1858,1858,1858,1858,1858,1858,1858,1858,1858,1858,1858,1858,1858,1858,1858,1858,1858,1858,,,,,,,,,,,,
crnn_crop,number of prediction,,,,,,,,,,,,,,,,,,,,,,,,,,,,,,,,,,,,,,,,,,,,,,,,,1835,1823,1823,1656,1921,1666,1772,1777,1777,1609,1844,1621,1750,1751,1751,1588,1867,1594,1748,1729,1729,1541,1846,1535,,,,,,,,,,,,
crnn_crop,number of matching event,,,,,,,,,,,,,,,,,,,,,,,,,,,,,,,,,,,,,,,,,,,,,,,,,1645.0,1650.0,1650.0,1596.0,1680.0,1602.0,1618.0,1621.0,1621.0,1561.0,1632.0,1570.0,1584.0,1589.0,1589.0,1531.0,1620.0,1541.0,1544.0,1542.0,1542.0,1488.0,1557.0,1486.0,,,,,,,,,,,,
crnn_crop,total matching iou,,,,,,,,,,,,,,,,,,,,,,,,,,,,,,,,,,,,,,,,,,,,,,,,,1401.8304112554108,1407.5002525252526,1407.5002525252526,1389.7992784992784,1175.368925593371,1393.171103896104,1366.6816017316014,1373.2875541125538,1373.2875541125538,1355.825505050505,1141.3296650955645,1362.3374098124093,1330.086724386724,1338.9561688311683,1338.9561688311683,1317.0818487068482,1112.1503688785547,1329.3556582306578,1264.10303030303,1268.8291847041844,1268.8291847041844,1260.9443306693302,1052.8566586767217,1263.8446914196913,,,,,,,,,,,,
crnn_crop,encounter number error,,,,,,,,,,,,,,,,,,,,,,,,,,,,,,,,,,,,,,,,,,,,,,,,,23,35,35,202,63,192,86,81,81,249,14,237,108,107,107,270,9,264,110,129,129,317,12,323,,,,,,,,,,,,
crnn_crop,encounter error rate,,,,,,,,,,,,,,,,,,,,,,,,,,,,,,,,,,,,,,,,,,,,,,,,,0.012378902045209902,0.01883745963401507,0.01883745963401507,0.10871905274488698,0.03390742734122713,0.10333692142088267,0.04628632938643703,0.043595263724434875,0.043595263724434875,0.1340150699677072,0.007534983853606028,0.12755651237890203,0.0581270182992465,0.05758880516684607,0.05758880516684607,0.14531754574811626,0.004843918191603875,0.14208826695371368,0.059203444564047365,0.06942949407965554,0.06942949407965554,0.1706135629709365,0.006458557588805167,0.17384284176533907,,,,,,,,,,,,
crnn_crop,event precision,,,,,,,,,,,,,,,,,,,,,,,,,,,,,,,,,,,,,,,,,,,,,,,,,0.896457765667575,0.9051014810751509,0.9051014810751509,0.9637681159420289,0.8745445080687142,0.9615846338535414,0.9130925507900677,0.9122115925717501,0.9122115925717501,0.9701678060907396,0.8850325379609545,0.9685379395434917,0.9051428571428571,0.9074814391776128,0.9074814391776128,0.9641057934508817,0.8677021960364221,0.966750313676286,0.8832951945080092,0.891844997108155,0.891844997108155,0.9656067488643738,0.843445287107259,0.9680781758957655,,,,,,,,,,,,
crnn_crop,event recall,,,,,,,,,,,,,,,,,,,,,,,,,,,,,,,,,,,,,,,,,,,,,,,,,0.8853606027987083,0.8880516684607105,0.8880516684607105,0.8589881593110872,0.9041980624327234,0.8622174381054898,0.8708288482238966,0.8724434876210979,0.8724434876210979,0.8401506996770721,0.8783638320775027,0.844994617868676,0.852529601722282,0.8552206673842842,0.8552206673842842,0.8240043057050592,0.8719052744886975,0.8293864370290636,0.8310010764262648,0.829924650161464,0.829924650161464,0.8008611410118407,0.8379978471474704,0.7997847147470398,,,,,,,,,,,,
crnn_crop,event F-score,,,,,,,,,,,,,,,,,,,,,,,,,,,,,,,,,,,,,,,,,,,,,,,,,0.8908746276739778,0.8964955175224124,0.8964955175224124,0.9083665338645418,0.889124106906589,0.9091940976163451,0.8914600550964187,0.8918844566712517,0.8918844566712517,0.9004903374675512,0.8816855753646677,0.902558206381144,0.8780487804878049,0.8805763369354391,0.8805763369354391,0.8885664538595474,0.8697986577181208,0.8928157589803013,0.8563505268996118,0.8597713967103429,0.8597713967103429,0.8755516328331863,0.8407127429805615,0.8759210138520483,,,,,,,,,,,,
crnn_crop,pred event,,,,,,,,,,,,,,,,,,,,,,,,,,,,,,,,,,,,,,,,,,,,,,,,,[0 1 0 ... 1 1 0],[0 1 0 ... 1 1 1],[0 1 0 ... 1 1 1],[0 1 0 ... 1 1 1],[0 0 0 ... 1 1 1],[0 1 0 ... 1 1 1],[0 1 0 ... 0 0 0],[0 1 0 ... 0 0 0],[0 1 0 ... 0 0 0],[0 1 1 ... 1 1 0],[0 0 0 ... 0 0 0],[0 1 1 ... 1 1 0],[0 1 1 ... 0 0 0],[0 1 1 ... 0 0 0],[0 1 1 ... 0 0 0],[1 1 1 ... 0 0 0],[0 0 0 ... 0 0 0],[1 1 1 ... 0 0 0],[0 1 1 ... 1 1 1],[0 1 1 ... 1 1 1],[0 1 1 ... 1 1 1],[1 1 1 ... 1 1 1],[0 0 0 ... 0 0 0],[1 1 1 ... 1 1 1],,,,,,,,,,,,
crnn_crop,label event,,,,,,,,,,,,,,,,,,,,,,,,,,,,,,,,,,,,,,,,,,,,,,,,,[0 0 0 ... 1 1 1],[0 0 0 ... 1 1 1],[0 0 0 ... 1 1 1],[0 0 0 ... 1 1 1],[0 0 1 ... 1 1 1],[0 0 0 ... 1 1 1],[0 0 0 ... 1 1 1],[0 0 0 ... 1 1 1],[0 0 0 ... 1 1 1],[0 0 0 ... 1 1 1],[0 0 1 ... 1 1 1],[0 0 0 ... 1 1 1],[0 0 0 ... 1 1 1],[0 0 0 ... 1 1 1],[0 0 0 ... 1 1 1],[0 0 0 ... 1 1 1],[0 0 1 ... 1 1 1],[0 0 0 ... 1 1 1],[0 0 0 ... 1 1 1],[0 0 0 ... 1 1 1],[0 0 0 ... 1 1 1],[0 0 0 ... 1 1 1],[0 0 1 ... 1 1 1],[0 0 0 ... 1 1 1],,,,,,,,,,,,
lenet_picth_shift,confusion matrix,"[[795780.   3635.]
 [  1421.   5564.]]","[[795079.   3336.]
 [  2122.   5863.]]","[[795079.   3336.]
 [  2122.   5863.]]","[[796048.   3219.]
 [  1153.   5980.]]","[[771974.   1880.]
 [ 25227.   7319.]]","[[795584.   2979.]
 [  1617.   6220.]]","[[796214.   3072.]
 [   987.   6127.]]","[[795840.   2817.]
 [  1361.   6382.]]","[[795840.   2817.]
 [  1361.   6382.]]","[[796311.   2712.]
 [   890.   6487.]]","[[789645.   1580.]
 [  7556.   7619.]]","[[796130.   2492.]
 [  1071.   6707.]]","[[796016.   3459.]
 [  1185.   5740.]]","[[795439.   3202.]
 [  1762.   5997.]]","[[795439.   3202.]
 [  1762.   5997.]]","[[7.96416e+05 2.97400e+03]
 [7.85000e+02 6.22500e+03]]","[[790726.   1736.]
 [  6475.   7463.]]","[[796037.   2751.]
 [  1164.   6448.]]","[[795909.   4260.]
 [  1292.   4939.]]","[[795311.   3909.]
 [  1890.   5290.]]","[[795311.   3909.]
 [  1890.   5290.]]","[[796317.   3528.]
 [   884.   5671.]]","[[790906.   2121.]
 [  6295.   7078.]]","[[795978.   3218.]
 [  1223.   5981.]]",,,,,,,,,,,,,,,,,,,,,,,,,,,,,,,,,,,,,,,,,,,,,,,,,,,,,,,,,,,,
lenet_picth_shift,segment precision,0.7965640658554044,0.7342517219787101,0.7342517219787101,0.8383569325669423,0.2248817058931973,0.7936710475947429,0.8612594883328648,0.8242283352705669,0.8242283352705669,0.8793547512538973,0.5020757825370675,0.8623039341733093,0.8288808664259928,0.7729088800103107,0.7729088800103107,0.8880171184022825,0.5354426747022528,0.8470835522858644,0.7926496549510512,0.7367688022284122,0.7367688022284122,0.8651411136536995,0.5292754056681372,0.8302332037756802,,,,,,,,,,,,,,,,,,,,,,,,,,,,,,,,,,,,,,,,,,,,,,,,,,,,,,,,,,,,
lenet_picth_shift,sgement recall,0.6048483530818567,0.6373518860745733,0.6373518860745733,0.650070659854332,0.7956299597782368,0.6761604522230678,0.6660506576801827,0.6937710620719644,0.6937710620719644,0.7051853462332862,0.8282422002391564,0.7291009892379606,0.6239808674855962,0.6519186868137841,0.6519186868137841,0.6767039895640831,0.8112838351994782,0.7009457549733666,0.5369061854549407,0.5750625067942168,0.5750625067942168,0.6164800521795848,0.7694314599412979,0.650179367322535,,,,,,,,,,,,,,,,,,,,,,,,,,,,,,,,,,,,,,,,,,,,,,,,,,,,,,,,,,,,
lenet_picth_shift,sgement F-score,0.6875926841324765,0.68237895716946,0.68237895716946,0.7323046779328924,0.3506527727871601,0.7302183611176333,0.75118004045853,0.753393932239405,0.753393932239405,0.7826978764478765,0.6251743661278412,0.7901278199917535,0.7119821384271893,0.707276801509612,0.707276801509612,0.7680918008513788,0.6451138868479059,0.7671167687823449,0.6401814646791963,0.6459490811404848,0.6459490811404848,0.7199441411704964,0.6271486797802587,0.7292568432603792,,,,,,,,,,,,,,,,,,,,,,,,,,,,,,,,,,,,,,,,,,,,,,,,,,,,,,,,,,,,
lenet_picth_shift,number of label,1858,1858,1858,1858,1858,1858,1858,1858,1858,1858,1858,1858,1858,1858,1858,1858,1858,1858,1858,1858,1858,1858,1858,1858,,,,,,,,,,,,,,,,,,,,,,,,,,,,,,,,,,,,,,,,,,,,,,,,,,,,,,,,,,,,
lenet_picth_shift,number of prediction,2929,3424,3424,1484,2550,1606,2521,2815,2815,1500,1917,1561,2919,3364,3364,1440,1924,1523,3199,3688,3688,1396,1918,1498,,,,,,,,,,,,,,,,,,,,,,,,,,,,,,,,,,,,,,,,,,,,,,,,,,,,,,,,,,,,
lenet_picth_shift,number of matching event,1545.0,1578.0,1578.0,1352.0,1494.0,1396.0,1588.0,1626.0,1626.0,1432.0,1543.0,1468.0,1562.0,1590.0,1590.0,1372.0,1498.0,1406.0,1489.0,1533.0,1533.0,1283.0,1440.0,1341.0,,,,,,,,,,,,,,,,,,,,,,,,,,,,,,,,,,,,,,,,,,,,,,,,,,,,,,,,,,,,
lenet_picth_shift,total matching iou,932.6405844155842,991.7155844155842,991.7155844155842,1043.997625841591,1142.7538842632812,1079.510784391047,1048.85487012987,1094.1120129870128,1094.1120129870128,1141.6629135570306,1197.9261472251123,1175.1950203391375,956.9366161616163,1003.6219336219336,1003.6219336219336,1094.3049633931596,1130.951611236984,1117.1466255708513,759.509235209235,827.3509018759019,827.3509018759019,1007.135826130391,1094.362305668054,1055.8711650277824,,,,,,,,,,,,,,,,,,,,,,,,,,,,,,,,,,,,,,,,,,,,,,,,,,,,,,,,,,,,
lenet_picth_shift,encounter number error,1071,1566,1566,374,692,252,663,957,957,358,59,297,1061,1506,1506,418,66,335,1341,1830,1830,462,60,360,,,,,,,,,,,,,,,,,,,,,,,,,,,,,,,,,,,,,,,,,,,,,,,,,,,,,,,,,,,,
lenet_picth_shift,encounter error rate,0.5764262648008611,0.8428417653390743,0.8428417653390743,0.20129171151776104,0.37244348762109797,0.1356297093649085,0.35683530678148545,0.515069967707212,0.515069967707212,0.19268030139935413,0.031754574811625406,0.15984930032292788,0.5710441334768568,0.8105489773950484,0.8105489773950484,0.22497308934337998,0.03552206673842842,0.18030139935414424,0.7217438105489774,0.984930032292788,0.984930032292788,0.24865446716899892,0.03229278794402583,0.193756727664155,,,,,,,,,,,,,,,,,,,,,,,,,,,,,,,,,,,,,,,,,,,,,,,,,,,,,,,,,,,,
lenet_picth_shift,event precision,0.5274837828610447,0.4608644859813084,0.4608644859813084,0.9110512129380054,0.5858823529411765,0.8692403486924035,0.6299087663625546,0.577619893428064,0.577619893428064,0.9546666666666667,0.8049034950443401,0.9404228058936579,0.5351147653305927,0.47265160523186683,0.47265160523186683,0.9527777777777777,0.7785862785862786,0.9231779382797111,0.46545795561112846,0.41567245119305857,0.41567245119305857,0.919054441260745,0.7507820646506778,0.8951935914552737,,,,,,,,,,,,,,,,,,,,,,,,,,,,,,,,,,,,,,,,,,,,,,,,,,,,,,,,,,,,
lenet_picth_shift,event recall,0.8315392895586652,0.8493003229278795,0.8493003229278795,0.7276641550053822,0.8040904198062433,0.751345532831001,0.8546824542518837,0.8751345532831001,0.8751345532831001,0.7707212055974165,0.8304628632938643,0.790096878363832,0.8406889128094726,0.8557588805166846,0.8557588805166846,0.7384284176533907,0.806243272335845,0.7567276641550054,0.8013993541442411,0.8250807319698601,0.8250807319698601,0.6905274488697524,0.77502691065662,0.7217438105489774,,,,,,,,,,,,,,,,,,,,,,,,,,,,,,,,,,,,,,,,,,,,,,,,,,,,,,,,,,,,
lenet_picth_shift,event F-score,0.6454982243576353,0.5975009466111322,0.5975009466111322,0.8090963494913226,0.677858439201452,0.8060046189376443,0.7252797442338433,0.6959126899208218,0.6959126899208218,0.8528886241810602,0.8174834437086093,0.8587306229891781,0.6539669248482312,0.6089620834929146,0.6089620834929146,0.8320194057004245,0.7921734531993654,0.831706595681751,0.5888866917144552,0.5528308690948431,0.5528308690948431,0.7885679164105716,0.7627118644067796,0.799165673420739,,,,,,,,,,,,,,,,,,,,,,,,,,,,,,,,,,,,,,,,,,,,,,,,,,,,,,,,,,,,
lenet_picth_shift,pred event,[0 1 1 ... 1 0 0],[0 0 1 ... 0 0 0],[0 0 1 ... 0 0 0],[1 1 1 ... 1 1 1],[1 1 1 ... 1 1 1],[1 1 1 ... 1 1 1],[0 1 1 ... 1 1 0],[0 1 1 ... 1 0 0],[0 1 1 ... 1 0 0],[1 1 1 ... 1 1 1],[1 1 1 ... 1 1 1],[1 1 1 ... 1 1 1],[0 0 0 ... 0 0 0],[0 0 0 ... 0 0 0],[0 0 0 ... 0 0 0],[1 1 1 ... 1 1 1],[1 1 1 ... 1 1 0],[1 1 1 ... 1 1 1],[0 0 0 ... 0 0 0],[0 0 0 ... 0 0 0],[0 0 0 ... 0 0 0],[1 1 1 ... 1 1 0],[0 1 1 ... 1 1 0],[1 1 1 ... 1 1 0],,,,,,,,,,,,,,,,,,,,,,,,,,,,,,,,,,,,,,,,,,,,,,,,,,,,,,,,,,,,
lenet_picth_shift,label event,[1 1 0 ... 1 1 1],[1 1 0 ... 1 1 1],[1 1 0 ... 1 1 1],[1 1 0 ... 1 1 1],[1 1 0 ... 1 1 1],[1 1 0 ... 1 1 1],[1 1 0 ... 1 1 1],[1 1 1 ... 1 1 1],[1 1 1 ... 1 1 1],[1 0 0 ... 1 1 1],[1 1 0 ... 1 1 1],[1 1 0 ... 1 1 1],[1 1 0 ... 1 1 1],[1 1 0 ... 1 1 1],[1 1 0 ... 1 1 1],[0 0 0 ... 1 1 1],[1 0 0 ... 1 1 1],[0 0 0 ... 1 1 1],[0 0 0 ... 1 1 1],[0 0 0 ... 1 1 1],[0 0 0 ... 1 1 1],[0 0 0 ... 1 1 1],[0 0 0 ... 1 1 1],[0 0 0 ... 1 1 1],,,,,,,,,,,,,,,,,,,,,,,,,,,,,,,,,,,,,,,,,,,,,,,,,,,,,,,,,,,,
lenet_time_stretch,confusion matrix,,,,,,,,,,,,,,,,,,,,,,,,,"[[796172.   3404.]
 [  1029.   5795.]]","[[795638.   3135.]
 [  1563.   6064.]]","[[795638.   3135.]
 [  1563.   6064.]]","[[7.96535e+05 3.01400e+03]
 [6.66000e+02 6.18500e+03]]","[[792071.   1746.]
 [  5130.   7453.]]","[[796315.   2820.]
 [   886.   6379.]]","[[796201.   3348.]
 [  1000.   5851.]]","[[795700.   3071.]
 [  1501.   6128.]]","[[795700.   3071.]
 [  1501.   6128.]]","[[7.9652e+05 2.9590e+03]
 [6.8100e+02 6.2400e+03]]","[[791879.   1681.]
 [  5322.   7518.]]","[[796309.   2708.]
 [   892.   6491.]]","[[796200.   3026.]
 [  1001.   6173.]]","[[795777.   2734.]
 [  1424.   6465.]]","[[795777.   2734.]
 [  1424.   6465.]]","[[7.96435e+05 2.65300e+03]
 [7.66000e+02 6.54600e+03]]","[[791737.   1518.]
 [  5464.   7681.]]","[[796231.   2412.]
 [   970.   6787.]]","[[796119.   3490.]
 [  1082.   5709.]]","[[795556.   3200.]
 [  1645.   5999.]]","[[795556.   3200.]
 [  1645.   5999.]]","[[7.9648e+05 3.0650e+03]
 [7.2100e+02 6.1340e+03]]","[[791605.   1775.]
 [  5596.   7424.]]","[[796236.   2857.]
 [   965.   6342.]]",,,,,,,,,,,,,,,,,,,,,,,,,,,,,,,,,,,,
lenet_time_stretch,segment precision,,,,,,,,,,,,,,,,,,,,,,,,,0.8492086752637749,0.7950701455355972,0.7950701455355972,0.9027879141731134,0.5923070809822777,0.8780454232622161,0.854035907166837,0.8032507537029755,0.8032507537029755,0.9016038144776767,0.5855140186915888,0.8791819043749154,0.8604683579592974,0.8194955000633793,0.8194955000633793,0.8952407002188184,0.5843286420692279,0.8749516565682609,0.8406714769547932,0.7847985347985348,0.7847985347985348,0.8948212983223924,0.570199692780338,0.8679348569864513,,,,,,,,,,,,,,,,,,,,,,,,,,,,,,,,,,,,
lenet_time_stretch,sgement recall,,,,,,,,,,,,,,,,,,,,,,,,,0.6299597782367649,0.6592020871833895,0.6592020871833895,0.6723556908359605,0.8101967605174476,0.6934449396673551,0.6360473964561365,0.6661593651483857,0.6661593651483857,0.678334601587129,0.8172627459506469,0.7056201761060985,0.6710512012175236,0.7027937819328188,0.7027937819328188,0.7115990868572671,0.8349820632677465,0.7377975866942059,0.6206109359713012,0.6521361017501902,0.6521361017501902,0.6668116099576041,0.8070442439395586,0.6894227633438417,,,,,,,,,,,,,,,,,,,,,,,,,,,,,,,,,,,,
lenet_time_stretch,sgement F-score,,,,,,,,,,,,,,,,,,,,,,,,,0.7233352056418898,0.7207892547248306,0.7207892547248306,0.7707165109034267,0.6843265081259756,0.7749028182701652,0.7290965732087228,0.7283099595911576,0.7283099595911576,0.7741935483870968,0.6822451109396979,0.7828971173561693,0.7540462957307763,0.7566713483146067,0.7566713483146067,0.7929259281690993,0.6875223773720014,0.8005425807973579,0.7140712945590995,0.7123434067565161,0.7123434067565161,0.7641709231344214,0.6682568972501013,0.7684478371501272,,,,,,,,,,,,,,,,,,,,,,,,,,,,,,,,,,,,
lenet_time_stretch,number of label,,,,,,,,,,,,,,,,,,,,,,,,,1858,1858,1858,1858,1858,1858,1858,1858,1858,1858,1858,1858,1858,1858,1858,1858,1858,1858,1858,1858,1858,1858,1858,1858,,,,,,,,,,,,,,,,,,,,,,,,,,,,,,,,,,,,
lenet_time_stretch,number of prediction,,,,,,,,,,,,,,,,,,,,,,,,,2692,3106,3106,1414,1817,1474,2686,3068,3068,1428,1815,1502,2606,2911,2911,1483,1862,1541,2699,3166,3166,1408,1818,1488,,,,,,,,,,,,,,,,,,,,,,,,,,,,,,,,,,,,
lenet_time_stretch,number of matching event,,,,,,,,,,,,,,,,,,,,,,,,,1561.0,1592.0,1592.0,1365.0,1513.0,1395.0,1575.0,1599.0,1599.0,1377.0,1509.0,1416.0,1600.0,1635.0,1635.0,1432.0,1546.0,1466.0,1542.0,1587.0,1587.0,1355.0,1495.0,1395.0,,,,,,,,,,,,,,,,,,,,,,,,,,,,,,,,,,,,
lenet_time_stretch,total matching iou,,,,,,,,,,,,,,,,,,,,,,,,,986.2040764790765,1034.2088383838382,1034.2088383838382,1086.751519395637,1151.7866375251774,1110.53206246368,994.8782828282829,1044.239105339105,1044.239105339105,1095.888099482217,1151.469328204997,1133.8734415910883,1062.4584415584413,1110.5850288600288,1110.5850288600288,1146.1468395983102,1174.8498922008896,1183.00087281999,964.495743145743,1023.2016955266953,1023.2016955266953,1068.3193987342206,1128.0578683021108,1102.0575084229492,,,,,,,,,,,,,,,,,,,,,,,,,,,,,,,,,,,,
lenet_time_stretch,encounter number error,,,,,,,,,,,,,,,,,,,,,,,,,834,1248,1248,444,41,384,828,1210,1210,430,43,356,748,1053,1053,375,4,317,841,1308,1308,450,40,370,,,,,,,,,,,,,,,,,,,,,,,,,,,,,,,,,,,,
lenet_time_stretch,encounter error rate,,,,,,,,,,,,,,,,,,,,,,,,,0.4488697524219591,0.6716899892357373,0.6716899892357373,0.23896663078579117,0.022066738428417654,0.20667384284176535,0.4456404736275565,0.6512378902045209,0.6512378902045209,0.23143164693218515,0.023143164693218515,0.1916038751345533,0.4025834230355221,0.5667384284176534,0.5667384284176534,0.20182992465016147,0.002152852529601722,0.1706135629709365,0.4526372443487621,0.7039827771797632,0.7039827771797632,0.24219590958019377,0.021528525296017224,0.1991388589881593,,,,,,,,,,,,,,,,,,,,,,,,,,,,,,,,,,,,
lenet_time_stretch,event precision,,,,,,,,,,,,,,,,,,,,,,,,,0.5798662704309064,0.5125563425627817,0.5125563425627817,0.9653465346534653,0.8326912493120529,0.94640434192673,0.586373790022338,0.5211864406779662,0.5211864406779662,0.9642857142857143,0.8314049586776859,0.9427430093209055,0.6139677666922486,0.5616626588801099,0.5616626588801099,0.9656102494942683,0.8302900107411385,0.9513303049967553,0.5713227121155984,0.5012634238787113,0.5012634238787113,0.9623579545454546,0.8223322332233224,0.9375,,,,,,,,,,,,,,,,,,,,,,,,,,,,,,,,,,,,
lenet_time_stretch,event recall,,,,,,,,,,,,,,,,,,,,,,,,,0.8401506996770721,0.8568353067814855,0.8568353067814855,0.7346609257265877,0.8143164693218514,0.7508073196986006,0.8476856835306782,0.8606027987082885,0.8606027987082885,0.7411194833153929,0.8121636167922497,0.7621097954790097,0.8611410118406889,0.879978471474704,0.879978471474704,0.7707212055974165,0.8320775026910656,0.7890204520990313,0.829924650161464,0.8541442411194833,0.8541442411194833,0.7292787944025835,0.8046286329386437,0.7508073196986006,,,,,,,,,,,,,,,,,,,,,,,,,,,,,,,,,,,,
lenet_time_stretch,event F-score,,,,,,,,,,,,,,,,,,,,,,,,,0.6861538461538461,0.6414182111200645,0.6414182111200645,0.8343520782396088,0.8234013605442176,0.8373349339735895,0.6932218309859155,0.6492082825822169,0.6492082825822169,0.8381010346926354,0.8216716580451947,0.8428571428571429,0.7168458781362007,0.6856783392744811,0.6856783392744811,0.8572283747381023,0.8311827956989247,0.862606649014416,0.6767610269914417,0.6317675159235668,0.6317675159235668,0.8297611757501531,0.8133841131664853,0.8338314405260012,,,,,,,,,,,,,,,,,,,,,,,,,,,,,,,,,,,,
lenet_time_stretch,pred event,,,,,,,,,,,,,,,,,,,,,,,,,[0 0 0 ... 0 0 0],[0 0 0 ... 0 0 0],[0 0 0 ... 0 0 0],[1 1 1 ... 1 1 1],[0 0 1 ... 1 0 0],[1 1 1 ... 1 1 1],[0 0 0 ... 0 0 0],[0 0 0 ... 0 0 0],[0 0 0 ... 0 0 0],[0 1 1 ... 1 1 1],[0 0 1 ... 1 1 0],[0 1 1 ... 1 1 1],[0 0 0 ... 0 0 0],[0 0 0 ... 0 0 0],[0 0 0 ... 0 0 0],[1 1 1 ... 1 1 1],[0 0 1 ... 1 1 0],[1 1 1 ... 1 1 1],[0 0 0 ... 0 0 0],[0 0 0 ... 0 0 0],[0 0 0 ... 0 0 0],[0 1 1 ... 1 1 1],[0 0 1 ... 1 0 0],[0 1 1 ... 1 1 0],,,,,,,,,,,,,,,,,,,,,,,,,,,,,,,,,,,,
lenet_time_stretch,label event,,,,,,,,,,,,,,,,,,,,,,,,,[1 1 0 ... 1 1 1],[1 1 1 ... 1 1 1],[1 1 1 ... 1 1 1],[0 0 0 ... 1 1 1],[1 1 0 ... 1 1 1],[0 0 0 ... 1 1 1],[1 1 0 ... 1 1 1],[1 1 1 ... 1 1 1],[1 1 1 ... 1 1 1],[0 0 0 ... 1 1 1],[0 0 0 ... 1 1 1],[0 0 0 ... 1 1 1],[0 1 0 ... 1 1 1],[0 1 0 ... 1 1 1],[0 1 0 ... 1 1 1],[0 0 0 ... 1 1 1],[1 0 0 ... 1 1 1],[0 0 0 ... 1 1 1],[0 1 0 ... 1 1 1],[0 1 0 ... 1 1 1],[0 1 0 ... 1 1 1],[0 0 0 ... 1 1 1],[0 0 0 ... 1 1 1],[0 0 0 ... 1 1 1],,,,,,,,,,,,,,,,,,,,,,,,,,,,,,,,,,,,
lenet_crop,confusion matrix,,,,,,,,,,,,,,,,,,,,,,,,,,,,,,,,,,,,,,,,,,,,,,,,,"[[796122.   2952.]
 [  1079.   6247.]]","[[795653.   2707.]
 [  1548.   6492.]]","[[795653.   2707.]
 [  1548.   6492.]]","[[796371.   2554.]
 [   830.   6645.]]","[[792342.   1421.]
 [  4859.   7778.]]","[[796134.   2364.]
 [  1067.   6835.]]","[[796188.   3239.]
 [  1013.   5960.]]","[[795749.   2959.]
 [  1452.   6240.]]","[[795749.   2959.]
 [  1452.   6240.]]","[[7.96439e+05 2.71500e+03]
 [7.62000e+02 6.48400e+03]]","[[791994.   1504.]
 [  5207.   7695.]]","[[796268.   2493.]
 [   933.   6706.]]","[[795910.   3643.]
 [  1291.   5556.]]","[[795287.   3341.]
 [  1914.   5858.]]","[[795287.   3341.]
 [  1914.   5858.]]","[[796338.   2996.]
 [   863.   6203.]]","[[791919.   1662.]
 [  5282.   7537.]]","[[796119.   2750.]
 [  1082.   6449.]]","[[795618.   3888.]
 [  1583.   5311.]]","[[794642.   3526.]
 [  2559.   5673.]]","[[794642.   3526.]
 [  2559.   5673.]]","[[796381.   3018.]
 [   820.   6181.]]","[[791052.   1586.]
 [  6149.   7613.]]","[[796012.   2750.]
 [  1189.   6449.]]",,,,,,,,,,,,
lenet_crop,segment precision,,,,,,,,,,,,,,,,,,,,,,,,,,,,,,,,,,,,,,,,,,,,,,,,,0.8527163527163527,0.8074626865671641,0.8074626865671641,0.8889632107023412,0.6154941837461423,0.8649708934446976,0.8547253692815144,0.8112324492979719,0.8112324492979719,0.8948385316036434,0.5964191598201829,0.8778635947113497,0.8114502701913247,0.753731343283582,0.753731343283582,0.8778658363996603,0.5879553787346907,0.856327180985261,0.7703800406150275,0.6891399416909622,0.6891399416909622,0.8828738751606914,0.5531899433221915,0.84433097669547,,,,,,,,,,,,
lenet_crop,sgement recall,,,,,,,,,,,,,,,,,,,,,,,,,,,,,,,,,,,,,,,,,,,,,,,,,0.6790955538645504,0.7057288835743015,0.7057288835743015,0.7223611262093705,0.8455266876834439,0.743015545167953,0.6478965104902706,0.678334601587129,0.678334601587129,0.704859223828677,0.8365039678225894,0.7289922817697576,0.6039786933362322,0.636808348733558,0.636808348733558,0.6743124252636156,0.8193281878465051,0.7010544624415698,0.5773453636264811,0.6166974671159908,0.6166974671159908,0.6719208609631482,0.8275899554299381,0.7010544624415698,,,,,,,,,,,,
lenet_crop,sgement F-score,,,,,,,,,,,,,,,,,,,,,,,,,,,,,,,,,,,,,,,,,,,,,,,,,0.7560665658093797,0.7531759382794826,0.7531759382794826,0.7970492983087442,0.7124015387433595,0.7993684579849132,0.7370764283947564,0.7388550115446095,0.7388550115446095,0.788567953785345,0.6963485815121487,0.7965316545908065,0.692509036520005,0.6903541335218902,0.6903541335218902,0.7627420842299416,0.6846216731764919,0.7709503885236103,0.6600385260672342,0.6509092995238368,0.6509092995238368,0.7630864197530864,0.6631244283785549,0.7660509591970066,,,,,,,,,,,,
lenet_crop,number of label,,,,,,,,,,,,,,,,,,,,,,,,,,,,,,,,,,,,,,,,,,,,,,,,,1858,1858,1858,1858,1858,1858,1858,1858,1858,1858,1858,1858,1858,1858,1858,1858,1858,1858,1858,1858,1858,1858,1858,1858,,,,,,,,,,,,
lenet_crop,number of prediction,,,,,,,,,,,,,,,,,,,,,,,,,,,,,,,,,,,,,,,,,,,,,,,,,2696,3032,3032,1509,1878,1573,2835,3156,3156,1472,1870,1547,3149,3634,3634,1473,1915,1546,3781,4663,4663,1460,2058,1565,,,,,,,,,,,,
lenet_crop,number of matching event,,,,,,,,,,,,,,,,,,,,,,,,,,,,,,,,,,,,,,,,,,,,,,,,,1637.0,1659.0,1659.0,1458.0,1581.0,1486.0,1610.0,1636.0,1636.0,1417.0,1556.0,1467.0,1608.0,1635.0,1635.0,1409.0,1558.0,1447.0,1594.0,1641.0,1641.0,1370.0,1526.0,1419.0,,,,,,,,,,,,
lenet_crop,total matching iou,,,,,,,,,,,,,,,,,,,,,,,,,,,,,,,,,,,,,,,,,,,,,,,,,1064.0298701298702,1114.409632034632,1114.409632034632,1157.0305392320095,1200.6573004102208,1186.255970500088,993.7171717171716,1050.6306637806638,1050.6306637806638,1134.945876101023,1193.3663278504694,1178.1190431300722,912.0449494949494,977.7147907647909,977.7147907647909,1081.2868965185137,1166.9255427966725,1116.1998546044592,830.9489177489179,906.0647907647908,906.0647907647908,1093.147033603651,1189.1540781709177,1131.9751398927867,,,,,,,,,,,,
lenet_crop,encounter number error,,,,,,,,,,,,,,,,,,,,,,,,,,,,,,,,,,,,,,,,,,,,,,,,,838,1174,1174,349,20,285,977,1298,1298,386,12,311,1291,1776,1776,385,57,312,1923,2805,2805,398,200,293,,,,,,,,,,,,
lenet_crop,encounter error rate,,,,,,,,,,,,,,,,,,,,,,,,,,,,,,,,,,,,,,,,,,,,,,,,,0.4510226049515608,0.6318622174381054,0.6318622174381054,0.18783638320775026,0.010764262648008612,0.1533907427341227,0.5258342303552207,0.6986006458557589,0.6986006458557589,0.2077502691065662,0.006458557588805167,0.16738428417653392,0.6948331539289558,0.9558665231431647,0.9558665231431647,0.20721205597416578,0.030678148546824543,0.16792249730893433,1.034983853606028,1.5096878363832078,1.5096878363832078,0.21420882669537136,0.10764262648008611,0.15769644779332614,,,,,,,,,,,,
lenet_crop,event precision,,,,,,,,,,,,,,,,,,,,,,,,,,,,,,,,,,,,,,,,,,,,,,,,,0.6071958456973294,0.5471635883905013,0.5471635883905013,0.9662027833001988,0.84185303514377,0.9446916719643992,0.5679012345679012,0.5183776932826363,0.5183776932826363,0.9626358695652174,0.8320855614973262,0.9482870071105365,0.5106382978723404,0.4499174463401211,0.4499174463401211,0.956551255940258,0.8135770234986945,0.9359637774902976,0.42158159217138325,0.35191936521552647,0.35191936521552647,0.9383561643835616,0.7414965986394558,0.9067092651757188,,,,,,,,,,,,
lenet_crop,event recall,,,,,,,,,,,,,,,,,,,,,,,,,,,,,,,,,,,,,,,,,,,,,,,,,0.8810548977395048,0.8928955866523143,0.8928955866523143,0.7847147470398278,0.8509149623250807,0.7997847147470398,0.8665231431646933,0.8805166846071044,0.8805166846071044,0.7626480086114101,0.83745963401507,0.7895586652314317,0.8654467168998924,0.879978471474704,0.879978471474704,0.7583423035522067,0.8385360602798708,0.778794402583423,0.8579117330462863,0.8832077502691066,0.8832077502691066,0.7373519913885899,0.8213132400430571,0.763724434876211,,,,,,,,,,,,
lenet_crop,event F-score,,,,,,,,,,,,,,,,,,,,,,,,,,,,,,,,,,,,,,,,,,,,,,,,,0.7189284145805885,0.6785276073619632,0.6785276073619632,0.866052866052866,0.8463597430406852,0.8662197610026231,0.6861282761559769,0.652572796170722,0.652572796170722,0.851051051051051,0.8347639484978541,0.8616740088105727,0.6423007789095266,0.5954115076474873,0.5954115076474873,0.8459921945361754,0.8258680095414789,0.8501762632197415,0.565348466040078,0.5032970403312376,0.5032970403312376,0.8257986738999398,0.7793667007150153,0.8290972830850132,,,,,,,,,,,,
lenet_crop,pred event,,,,,,,,,,,,,,,,,,,,,,,,,,,,,,,,,,,,,,,,,,,,,,,,,[0 0 0 ... 0 0 0],[0 0 0 ... 0 0 0],[0 0 0 ... 0 0 0],[1 1 1 ... 1 1 1],[1 1 0 ... 1 1 0],[1 1 1 ... 1 1 1],[0 1 0 ... 0 0 0],[0 0 0 ... 0 0 0],[0 0 0 ... 0 0 0],[1 1 1 ... 1 1 1],[1 1 0 ... 1 1 0],[1 1 1 ... 1 1 1],[0 0 0 ... 0 0 0],[0 0 0 ... 0 0 0],[0 0 0 ... 0 0 0],[0 1 1 ... 1 1 1],[0 1 1 ... 1 0 0],[0 1 1 ... 1 1 1],[0 0 0 ... 0 0 0],[0 0 0 ... 0 0 0],[0 0 0 ... 0 0 0],[0 1 1 ... 1 1 1],[0 0 0 ... 0 0 0],[0 0 1 ... 1 1 1],,,,,,,,,,,,
lenet_crop,label event,,,,,,,,,,,,,,,,,,,,,,,,,,,,,,,,,,,,,,,,,,,,,,,,,[0 0 0 ... 1 1 1],[0 1 0 ... 1 1 1],[0 1 0 ... 1 1 1],[0 0 0 ... 1 1 1],[1 1 0 ... 1 1 1],[0 0 0 ... 1 1 1],[0 1 0 ... 1 1 1],[1 1 0 ... 1 1 1],[1 1 0 ... 1 1 1],[0 0 0 ... 1 1 1],[1 1 0 ... 1 1 1],[0 0 0 ... 1 1 1],[0 0 0 ... 1 1 1],[1 0 0 ... 1 1 1],[1 0 0 ... 1 1 1],[0 0 0 ... 1 1 1],[1 1 0 ... 1 1 1],[0 0 0 ... 1 1 1],[1 0 0 ... 1 1 1],[1 0 0 ... 1 1 1],[1 0 0 ... 1 1 1],[0 0 0 ... 1 1 1],[1 0 0 ... 1 1 1],[0 0 0 ... 1 1 1],,,,,,,,,,,,
svm_pitch_shift,confusion matrix,,,,"[[794669.   6447.]
 [  2532.   2752.]]",,,,,,"[[795503.   5683.]
 [  1698.   3516.]]",,,,,,"[[795426.   6114.]
 [  1775.   3085.]]",,,,,,"[[795345.   7104.]
 [  1856.   2095.]]",,,,,,,,,,,,,,,,,,,,,,,,,,,,,,,,,,,,,,,,,,,,,,,,,,,"[[794625.   6708.]
 [  2576.   2491.]]","[[795562.   6069.]
 [  1639.   3130.]]","[[795618.   6611.]
 [  1583.   2588.]]","[[795407.   7428.]
 [  1794.   1771.]]",,,,,,,,
svm_pitch_shift,segment precision,,,,0.5208175624526874,,,,,,0.6743383199079401,,,,,,0.6347736625514403,,,,,,0.5302455074664641,,,,,,,,,,,,,,,,,,,,,,,,,,,,,,,,,,,,,,,,,,,,,,,,,,,0.49161239392145256,0.6563220801006501,0.6204747063054423,0.4967741935483871,,,,,,,,
svm_pitch_shift,sgement recall,,,,0.2991629524948364,,,,,,0.3822154582019785,,,,,,0.3353625394064572,,,,,,0.22774214588542233,,,,,,,,,,,,,,,,,,,,,,,,,,,,,,,,,,,,,,,,,,,,,,,,,,,0.2707903032938363,0.34025437547559517,0.28133492770953367,0.1925209261876291,,,,,,,,
svm_pitch_shift,sgement F-score,,,,0.3800317613754057,,,,,,0.48789287448830915,,,,,,0.43886478412404867,,,,,,0.31863117870722435,,,,,,,,,,,,,,,,,,,,,,,,,,,,,,,,,,,,,,,,,,,,,,,,,,,0.3492219262582364,0.4481672394043528,0.3871353777112939,0.27749921654653714,,,,,,,,
svm_pitch_shift,number of label,,,,1858,,,,,,1858,,,,,,1858,,,,,,1858,,,,,,,,,,,,,,,,,,,,,,,,,,,,,,,,,,,,,,,,,,,,,,,,,,,1858,1858,1858,1858,,,,,,,,
svm_pitch_shift,number of prediction,,,,961,,,,,,1068,,,,,,1019,,,,,,822,,,,,,,,,,,,,,,,,,,,,,,,,,,,,,,,,,,,,,,,,,,,,,,,,,,3080,2795,2936,2808,,,,,,,,
svm_pitch_shift,number of matching event,,,,747.0,,,,,,904.0,,,,,,786.0,,,,,,562.0,,,,,,,,,,,,,,,,,,,,,,,,,,,,,,,,,,,,,,,,,,,,,,,,,,,1116.0,1218.0,1141.0,959.0,,,,,,,,
svm_pitch_shift,total matching iou,,,,477.8597166722167,,,,,,616.5252941502943,,,,,,549.0499140565316,,,,,,369.8111971361971,,,,,,,,,,,,,,,,,,,,,,,,,,,,,,,,,,,,,,,,,,,,,,,,,,,401.3786796536797,500.6965367965368,395.98820346320355,266.02748917748914,,,,,,,,
svm_pitch_shift,encounter number error,,,,897,,,,,,790,,,,,,839,,,,,,1036,,,,,,,,,,,,,,,,,,,,,,,,,,,,,,,,,,,,,,,,,,,,,,,,,,,1222,937,1078,950,,,,,,,,
svm_pitch_shift,encounter error rate,,,,0.48277717976318624,,,,,,0.4251883745963401,,,,,,0.45156081808396126,,,,,,0.5575888051668461,,,,,,,,,,,,,,,,,,,,,,,,,,,,,,,,,,,,,,,,,,,,,,,,,,,0.6576964477933261,0.5043057050592035,0.5801937567276642,0.511302475780409,,,,,,,,
svm_pitch_shift,event precision,,,,0.777315296566077,,,,,,0.846441947565543,,,,,,0.7713444553483808,,,,,,0.683698296836983,,,,,,,,,,,,,,,,,,,,,,,,,,,,,,,,,,,,,,,,,,,,,,,,,,,0.36233766233766235,0.435778175313059,0.38862397820163486,0.34152421652421655,,,,,,,,
svm_pitch_shift,event recall,,,,0.40204520990312165,,,,,,0.4865446716899892,,,,,,0.42303552206673845,,,,,,0.302475780409042,,,,,,,,,,,,,,,,,,,,,,,,,,,,,,,,,,,,,,,,,,,,,,,,,,,0.6006458557588805,0.6555435952637244,0.6141011840688912,0.5161463939720129,,,,,,,,
svm_pitch_shift,event F-score,,,,0.5299751684994679,,,,,,0.6179084073820916,,,,,,0.5464025026068822,,,,,,0.41940298507462687,,,,,,,,,,,,,,,,,,,,,,,,,,,,,,,,,,,,,,,,,,,,,,,,,,,0.4520048602673147,0.5235332043842682,0.476011681268252,0.4110587226746678,,,,,,,,
svm_pitch_shift,pred event,,,,"[1 1 1 1 1 1 1 0 0 0 0 0 0 0 0 0 0 0 0 0 0 0 0 0 0 0 0 0 0 0 0 0 0 0 1 1 1
 1 1 1 1 1 1 1 1 1 1 1 1 1 1 1 1 1 1 1 1 1 1 1 1 1 1 1 1 1 1 1 1 1 1 1 0 0
 0 0 0 0 0 0 0 0 0 0 0 0 0 0 0 0 0 0 0 0 0 0 0 0 0 0 0 1 1 1 1 1 0 1 1 1 1
 1 1 1 1 1 1 1 1 1 1 1 1 1 1 1 1 1 1 1 1 1 1 1 1 1 1 1 1 0 1 1 1 1 1 1 1 1
 1 1 0 0 0 0 0 0 0 1 1 1 0 0 0 1 1 1 1 1 1 1 1 1 1 1 0 0 0 0 0 0 0 0 0 0 1
 1 1 1 1 1 1 1 1 1 1 1 1 1 1 0 0 0 0 0 0 0 0 0 0 0 0 0 1 1 1 1 1 1 1 0 0 0
 0 0 0 1 1 1 1 1 1 1 1 1 1 1 1 1 1 1 1 1 1 1 1 1 1 1 1 1 1 1 1 1 1 1 1 1 0
 1 1 1 1 1 1 1 1 1 1 1 1 1 1 1 1 1 1 1 1 1 1 1 1 1 1 1 1 1 1 1 1 1 1 1 1 1
 1 1 1 1 1 1 1 1 1 1 0 0 0 0 0 0 0 0 0 0 0 0 0 0 0 0 0 0 0 0 0 0 0 0 0 0 0
 0 0 1 1 1 1 1 1 1 1 1 1 1 0 0 0 0 1 1 1 1 1 1 1 1 1 1 1 1 1 1 1 1 1 1 1 1
 1 1 1 1 1 1 1 1 0 0 0 0 0 1 1 1 1 1 1 1 1 1 1 1 1 1 1 1 1 1 1 1 1 1 1 0 1
 1 1 1 1 1 1 1 1 1 1 1 1 1 1 1 1 1 1 1 1 1 1 1 1 1 1 1 1 1 1 1 1 1 1 1 1 1
 1 1 1 0 0 0 0 0 0 0 0 1 1 1 1 1 1 1 1 1 1 1 1 1 1 1 1 1 1 1 1 1 1 1 1 1 1
 1 1 1 1 1 1 0 1 1 1 1 1 1 1 1 1 1 1 0 1 1 1 1 1 1 1 1 1 1 1 1 1 1 1 1 1 0
 0 0 0 0 0 0 0 0 0 0 0 0 0 0 0 0 0 0 0 0 0 0 1 1 1 1 1 1 1 1 1 1 1 1 1 1 1
 1 1 1 1 1 1 0 0 0 0 0 0 0 0 0 0 0 0 0 0 0 0 0 0 0 0 0 0 0 1 1 1 1 1 1 1 1
 1 1 1 1 1 1 1 1 1 1 1 1 1 1 1 1 1 1 1 1 1 1 1 1 1 0 1 1 0 1 1 1 1 1 0 0 0
 1 1 1 1 1 1 1 1 1 1 1 1 1 1 1 1 1 1 1 1 1 1 1 1 1 1 1 1 1 1 1 1 1 1 1 1 1
 1 1 1 1 1 1 1 1 1 1 1 0 0 0 1 1 1 1 1 1 1 0 0 1 1 1 1 1 1 1 1 1 1 1 1 1 1
 1 1 1 1 1 1 1 1 1 1 1 1 1 1 1 1 1 1 1 1 1 1 1 1 1 1 1 1 1 1 1 1 1 1 0 1 1
 1 1 1 1 1 1 1 1 1 1 1 1 1 1 1 1 1 1 1 1 1 1 0 0 0 1 1 1 1 1 1 1 1 1 1 1 1
 1 1 1 1 1 1 1 1 1 1 1 1 0 1 1 1 0 1 1 1 1 1 1 1 1 1 1 1 1 1 1 1 1 1 1 1 1
 1 1 0 1 1 1 1 1 1 1 1 1 1 1 1 1 1 1 1 1 1 1 1 1 1 1 1 1 1 1 1 1 1 1 1 1 1
 1 1 1 1 1 1 1 1 1 1 1 1 1 1 1 1 1 1 1 1 1 1 1 1 1 1 1 1 1 1 1 1 1 1 1 1 1
 1 1 1 1 1 1 1 1 1 1 1 1 1 1 1 1 1 1 1 1 1 1 1 1 1 1 1 1 1 1 1 1 1 1 1 1 1
 1 1 1 1 1 1 1 1 1 1 1 1 1 1 1 1 1 1 1 1 1 1 1 1 1 1 1 1 1 1 1 1 0 0 0 0]",,,,,,[0 0 1 ... 0 1 0],,,,,,[1 0 0 ... 0 1 1],,,,,,"[0 1 0 0 0 0 0 0 0 0 0 0 0 0 0 0 0 0 0 0 0 0 0 0 0 0 1 1 1 1 1 1 1 1 1 0 0
 1 1 1 1 1 1 1 1 1 1 1 0 0 0 0 0 1 1 1 1 1 1 1 1 1 1 1 1 1 1 1 1 1 1 1 1 1
 1 1 1 1 1 1 1 1 0 0 1 0 1 1 1 1 1 1 1 1 0 0 0 0 1 1 1 1 1 1 1 1 1 1 1 1 1
 1 1 1 1 1 1 1 0 0 0 0 0 0 0 0 0 0 0 0 0 0 0 0 0 0 0 0 0 0 0 0 0 0 0 0 1 0
 1 1 1 1 1 1 1 1 1 1 1 1 1 1 1 1 1 1 1 1 1 1 1 1 1 1 1 1 1 1 1 1 1 1 1 1 1
 1 1 1 1 1 1 1 1 1 1 1 1 1 1 1 1 1 1 1 1 1 1 1 0 0 0 0 0 0 0 0 0 0 0 0 0 0
 0 0 0 0 1 0 0 0 0 0 1 1 1 1 0 1 1 1 1 1 1 1 1 1 1 1 1 1 1 1 0 1 1 1 1 1 1
 1 1 1 1 1 1 1 1 1 1 1 1 1 1 1 0 1 1 1 1 1 1 1 1 1 1 1 1 1 1 1 1 1 1 1 1 1
 0 1 1 1 1 1 1 1 1 0 0 1 1 1 1 1 1 1 1 1 1 1 1 1 1 1 1 1 1 1 1 1 1 1 0 0 0
 0 0 1 1 1 1 1 1 1 1 1 1 1 1 1 1 1 1 1 1 1 1 1 1 1 1 1 1 1 1 1 1 1 1 1 1 1
 1 1 1 1 0 0 0 0 0 0 0 0 0 0 0 0 0 1 1 1 1 1 1 1 1 1 1 1 1 1 1 1 1 1 1 1 1
 1 1 1 1 1 1 1 0 0 0 0 0 0 0 0 0 1 1 1 1 1 1 1 1 1 1 1 1 1 1 1 1 1 1 1 1 1
 1 1 1 1 1 1 1 1 1 1 1 1 1 0 0 0 0 0 1 1 1 1 1 1 1 1 1 1 1 1 1 1 1 1 1 1 1
 1 1 1 1 1 1 1 1 1 1 1 1 1 1 1 1 0 0 0 1 1 1 1 1 1 1 1 1 1 1 1 1 1 1 1 1 1
 1 1 1 1 1 1 1 1 1 1 1 1 1 1 1 1 1 1 1 1 1 1 1 1 1 1 1 1 1 1 1 1 1 1 1 1 1
 1 1 1 1 1 1 1 1 1 1 1 1 1 1 1 1 0 0 0 1 1 1 1 1 1 1 1 1 1 1 1 1 1 1 1 1 1
 1 1 1 1 1 1 1 1 1 1 1 1 1 1 0 0 1 0 0 0 0 0 0 0 0 0 0 0 0 0 0 0 0 0 0 0 0
 0 0 0 0 0 0 0 0 0 0 0 0 0 0 0 0 0 0 0 0 0 0 0 0 0 0 0 0 0 0 0 0 0 0 0 0 0
 0 0 0 0 0 0 0 0 0 0 0 0 0 0 0 0 0 0 1 1 1 0 1 1 1 1 1 1 1 1 1 1 1 1 1 1 1
 1 1 0 1 1 1 1 1 1 1 1 1 1 1 1 1 1 1 1 1 1 0 1 1 1 1 1 1 1 1 1 1 1 1 1 1 1
 1 1 1 1 1 1 1 1 1 1 0 0 0 0 0 0 0 0 0 0 0 0 0 0 0 0 0 0 0 0 0 0 0 1 1 1 1
 1 1 1 1 1 1 1 1 1 1 1 1 1 1 1 1 1 1 1 1 1 1 1 0 0 0 0 0 0 0 0 0 0 0 0 0 0
 0 0 0 0 0 0 0 0]",,,,,,,,,,,,,,,,,,,,,,,,,,,,,,,,,,,,,,,,,,,,,,,,,,,[0 0 0 ... 0 0 0],[0 0 0 ... 0 0 0],[0 0 0 ... 1 0 0],[0 0 0 ... 1 1 0],,,,,,,,
svm_pitch_shift,label event,,,,[0 0 0 ... 0 0 0],,,,,,[0 0 0 ... 0 0 0],,,,,,[0 0 0 ... 0 0 0],,,,,,[0 0 0 ... 0 0 0],,,,,,,,,,,,,,,,,,,,,,,,,,,,,,,,,,,,,,,,,,,,,,,,,,,[0 0 0 ... 0 0 0],[0 0 0 ... 0 0 0],[0 0 0 ... 0 0 0],[0 0 0 ... 0 0 0],,,,,,,,
svm_pitch_shift,c_value_set,,,,,,,,,,,,,,,,,,,,,,,,,,,,,,,,,,,,,,,,,,,,,,,,,,,,,,,,,,,,,,,,,,,,,,,,,"[10.0, 100.0, 10.0, 10.0]","[10.0, 100.0, 10.0, 10.0]","[10.0, 100.0, 10.0, 10.0]","[10.0, 100.0, 10.0, 10.0]",,,,,,,,
svm_time_stretch,confusion matrix,,,,,,,,,,,,,,,,,,,,,,,,,,,,"[[795796.   5633.]
 [  1405.   3566.]]",,,,,,"[[795999.   5813.]
 [  1202.   3386.]]",,,,,,"[[796082.   5465.]
 [  1119.   3734.]]",,,,,,"[[796167.   6120.]
 [  1034.   3079.]]",,,,,,,,,,,,,,,,,,,,,,,,,,,,,,,"[[795808.   6046.]
 [  1393.   3153.]]","[[795895.   6165.]
 [  1306.   3034.]]","[[795981.   5893.]
 [  1220.   3306.]]","[[796133.   6540.]
 [  1068.   2659.]]",,,,
svm_time_stretch,segment precision,,,,,,,,,,,,,,,,,,,,,,,,,,,,0.7173606920136794,,,,,,0.7380122057541413,,,,,,0.7694209767154337,,,,,,0.7486019936785802,,,,,,,,,,,,,,,,,,,,,,,,,,,,,,,0.6935767707875055,0.6990783410138249,0.7304463102076889,0.7134424470083177,,,,
svm_time_stretch,sgement recall,,,,,,,,,,,,,,,,,,,,,,,,,,,,0.38765083161213176,,,,,,0.36808348733557994,,,,,,0.40591368627024677,,,,,,0.33471029459723883,,,,,,,,,,,,,,,,,,,,,,,,,,,,,,,0.3427546472442657,0.3298184585281009,0.3593868898793347,0.2890531579519513,,,,
svm_time_stretch,sgement F-score,,,,,,,,,,,,,,,,,,,,,,,,,,,,0.5033168666196189,,,,,,0.4911873504025531,,,,,,0.5314545972103615,,,,,,0.4625901442307692,,,,,,,,,,,,,,,,,,,,,,,,,,,,,,,0.45878501273190253,0.44818671984636976,0.4817486338797814,0.4114188457372737,,,,
svm_time_stretch,number of label,,,,,,,,,,,,,,,,,,,,,,,,,,,,1858,,,,,,1858,,,,,,1858,,,,,,1858,,,,,,,,,,,,,,,,,,,,,,,,,,,,,,,1858,1858,1858,1858,,,,
svm_time_stretch,number of prediction,,,,,,,,,,,,,,,,,,,,,,,,,,,,1074,,,,,,1025,,,,,,1081,,,,,,946,,,,,,,,,,,,,,,,,,,,,,,,,,,,,,,2841,2744,2699,2511,,,,
svm_time_stretch,number of matching event,,,,,,,,,,,,,,,,,,,,,,,,,,,,902.0,,,,,,870.0,,,,,,935.0,,,,,,804.0,,,,,,,,,,,,,,,,,,,,,,,,,,,,,,,1229.0,1202.0,1252.0,1134.0,,,,
svm_time_stretch,total matching iou,,,,,,,,,,,,,,,,,,,,,,,,,,,,630.7901265401265,,,,,,597.4472861289038,,,,,,660.4641636141636,,,,,,547.045134032634,,,,,,,,,,,,,,,,,,,,,,,,,,,,,,,505.11399711399713,489.5751082251083,535.2636002886003,419.3798701298701,,,,
svm_time_stretch,encounter number error,,,,,,,,,,,,,,,,,,,,,,,,,,,,784,,,,,,833,,,,,,777,,,,,,912,,,,,,,,,,,,,,,,,,,,,,,,,,,,,,,983,886,841,653,,,,
svm_time_stretch,encounter error rate,,,,,,,,,,,,,,,,,,,,,,,,,,,,0.4219590958019376,,,,,,0.44833153928955866,,,,,,0.41819160387513454,,,,,,0.4908503767491927,,,,,,,,,,,,,,,,,,,,,,,,,,,,,,,0.5290635091496233,0.47685683530678147,0.4526372443487621,0.35145317545748117,,,,
svm_time_stretch,event precision,,,,,,,,,,,,,,,,,,,,,,,,,,,,0.839851024208566,,,,,,0.848780487804878,,,,,,0.8649398704902868,,,,,,0.8498942917547568,,,,,,,,,,,,,,,,,,,,,,,,,,,,,,,0.4325941569869764,0.4380466472303207,0.4638755094479437,0.45161290322580644,,,,
svm_time_stretch,event recall,,,,,,,,,,,,,,,,,,,,,,,,,,,,0.48546824542518835,,,,,,0.4682454251883746,,,,,,0.5032292787944026,,,,,,0.4327233584499462,,,,,,,,,,,,,,,,,,,,,,,,,,,,,,,0.6614639397201292,0.6469321851453176,0.673842841765339,0.6103336921420882,,,,
svm_time_stretch,event F-score,,,,,,,,,,,,,,,,,,,,,,,,,,,,0.6152796725784447,,,,,,0.603537981269511,,,,,,0.6362708404219122,,,,,,0.5734664764621968,,,,,,,,,,,,,,,,,,,,,,,,,,,,,,,0.5230900191530112,0.5223815732290309,0.5494843098529735,0.5191119249256123,,,,
svm_time_stretch,pred event,,,,,,,,,,,,,,,,,,,,,,,,,,,,[0 1 1 ... 0 1 1],,,,,,[0 1 1 ... 0 0 0],,,,,,[0 0 1 ... 0 1 1],,,,,,"[0 1 1 1 1 1 1 0 0 0 0 0 0 0 0 0 0 1 1 1 1 1 1 1 1 1 1 1 1 0 1 0 0 1 1 1 1
 1 1 1 1 1 1 1 1 1 1 1 1 1 1 1 1 1 1 1 1 1 1 1 1 1 0 0 0 0 0 0 0 0 0 0 0 0
 0 0 0 0 0 1 1 1 1 1 1 1 1 1 1 1 1 1 1 1 1 1 1 1 1 1 1 1 1 1 1 1 1 1 1 1 1
 1 1 1 1 1 1 1 0 0 0 1 1 1 1 1 1 0 0 1 1 1 1 1 1 1 1 1 1 1 0 0 1 1 1 1 1 1
 1 1 1 1 1 1 1 1 1 1 1 1 1 1 1 1 1 0 0 0 0 0 0 0 1 1 1 0 0 0 0 0 1 1 1 1 1
 1 1 1 1 1 1 1 1 1 1 1 1 1 1 1 1 1 1 1 1 1 1 1 1 1 1 1 1 1 1 1 1 1 1 1 1 1
 1 1 1 1 1 1 1 1 1 1 1 1 1 1 1 1 1 1 1 1 1 1 1 1 1 1 1 1 1 1 1 1 1 1 1 1 1
 0 0 0 0 0 0 0 0 0 0 0 0 0 0 0 0 0 0 0 0 0 0 0 1 1 1 1 1 1 1 1 1 1 1 1 1 1
 1 1 1 1 1 1 1 1 1 1 1 1 1 1 1 1 1 1 1 1 1 1 1 1 1 1 1 1 1 1 1 1 1 1 1 1 1
 1 1 1 1 1 1 1 1 1 1 1 1 1 1 1 1 1 1 1 1 1 1 1 1 1 1 1 1 1 1 1 1 1 1 1 1 1
 1 1 1 1 1 1 1 1 1 1 1 1 1 1 1 1 1 1 1 1 1 1 1 1 1 1 1 1 1 1 1 1 1 1 1 0 0
 1 1 1 1 1 1 1 1 1 1 1 1 1 1 1 1 1 1 1 1 1 1 1 1 1 1 1 1 1 1 1 1 1 1 1 1 1
 1 1 1 1 1 1 1 1 1 1 1 1 1 1 1 1 1 1 1 1 1 1 1 1 1 1 1 1 1 1 1 1 1 1 1 1 1
 1 0 0 0 0 0 0 0 0 0 0 0 1 1 1 1 1 1 1 1 1 1 1 1 1 1 1 1 0 1 1 1 1 1 1 1 1
 1 1 1 1 1 1 1 1 1 1 1 1 1 1 1 1 1 1 1 1 1 1 1 1 1 1 1 1 1 1 1 1 1 0 1 1 1
 1 1 1 1 1 1 1 1 1 1 1 1 1 1 1 1 1 1 1 1 1 1 1 1 1 1 1 1 1 1 1 1 1 1 1 1 1
 1 1 1 1 1 1 0 1 1 1 1 1 1 1 1 1 1 1 1 1 1 1 1 1 1 1 1 1 1 1 1 1 1 1 1 1 1
 1 1 1 1 1 1 1 1 1 1 1 1 1 1 1 1 1 1 1 1 1 1 1 1 1 1 1 1 1 1 1 1 1 1 1 1 1
 1 1 1 0 1 1 1 1 1 1 1 0 0 1 1 1 1 1 1 1 1 1 1 1 1 1 1 1 1 1 1 1 1 1 1 1 1
 1 1 1 1 1 1 1 1 1 1 1 1 0 0 0 0 0 0 0 0 0 0 0 0 0 0 0 0 0 0 0 0 0 0 0 0 0
 0 1 1 1 1 1 1 1 1 0 1 1 1 1 1 1 1 1 1 1 1 1 1 1 1 1 1 1 1 1 1 1 1 1 1 1 1
 1 1 1 1 0 1 1 1 1 1 1 1 1 1 1 1 0 1 1 1 0 1 1 1 1 1 1 1 1 1 1 1 1 1 1 1 1
 1 1 1 1 1 1 1 1 1 1 1 1 1 1 1 1 1 1 1 1 1 1 1 1 1 1 1 1 1 1 1 1 1 1 1 1 1
 1 1 1 1 1 1 1 1 1 1 1 1 1 1 1 0 0 0 0 0 0 0 1 1 1 1 1 1 1 1 1 1 1 1 1 1 1
 1 1 1 1 1 1 1 1 1 1 1 1 1 1 1 1 1 1 1 1 1 1 1 1 1 1 1 1 1 1 1 1 1 1 1 1 1
 1 1 1 1 1 1 1 0 0 0 0 0 0 0 0 0 0 0 0 0 1]",,,,,,,,,,,,,,,,,,,,,,,,,,,,,,,[0 0 1 ... 1 0 0],[0 0 0 ... 1 1 0],[0 0 0 ... 1 0 0],[0 0 0 ... 0 0 0],,,,
svm_time_stretch,label event,,,,,,,,,,,,,,,,,,,,,,,,,,,,[0 0 0 ... 0 0 0],,,,,,[0 0 0 ... 0 0 0],,,,,,[0 0 0 ... 0 0 0],,,,,,[0 0 0 ... 0 0 0],,,,,,,,,,,,,,,,,,,,,,,,,,,,,,,[0 1 0 ... 0 0 0],[0 0 0 ... 0 0 0],[0 0 0 ... 0 0 0],[0 0 0 ... 0 0 0],,,,
svm_time_stretch,c_value_set,,,,,,,,,,,,,,,,,,,,,,,,,,,,,,,,,,,,,,,,,,,,,,,,,,,,,,,,,,,,,,,,,,,,,,,,,,,,,"[10.0, 100.0, 10.0, 10.0]","[10.0, 100.0, 10.0, 10.0]","[10.0, 100.0, 10.0, 10.0]","[10.0, 100.0, 10.0, 10.0]",,,,
svm_crop,confusion matrix,,,,,,,,,,,,,,,,,,,,,,,,,,,,,,,,,,,,,,,,,,,,,,,,,,,,"[[795896.   5392.]
 [  1305.   3807.]]",,,,,,"[[796031.   5590.]
 [  1170.   3609.]]",,,,,,"[[796160.   5923.]
 [  1041.   3276.]]",,,,,,"[[796402.   6481.]
 [   799.   2718.]]",,,,,,,,,,,"[[795841.   5909.]
 [  1360.   3290.]]","[[795889.   6113.]
 [  1312.   3086.]]","[[795927.   6480.]
 [  1274.   2719.]]","[[796028.   6893.]
 [  1173.   2306.]]"
svm_crop,segment precision,,,,,,,,,,,,,,,,,,,,,,,,,,,,,,,,,,,,,,,,,,,,,,,,,,,,0.7447183098591549,,,,,,0.7551789077212806,,,,,,0.7588603196664351,,,,,,0.7728177423940858,,,,,,,,,,,0.7075268817204301,0.7016825829922693,0.6809416478837966,0.6628341477436045
svm_crop,sgement recall,,,,,,,,,,,,,,,,,,,,,,,,,,,,,,,,,,,,,,,,,,,,,,,,,,,,0.41384933144907055,,,,,,0.3923252527448636,,,,,,0.35612566583324273,,,,,,0.29546689857593217,,,,,,,,,,,0.35764757038808564,0.3354712468746603,0.29557560604413524,0.25067942167626917
svm_crop,sgement F-score,,,,,,,,,,,,,,,,,,,,,,,,,,,,,,,,,,,,,,,,,,,,,,,,,,,,0.5320382922227657,,,,,,0.516382887394477,,,,,,0.4847588043799941,,,,,,0.4274929223026109,,,,,,,,,,,0.4751245577298,0.4539236596308009,0.41221952698605213,0.3637797759899038
svm_crop,number of label,,,,,,,,,,,,,,,,,,,,,,,,,,,,,,,,,,,,,,,,,,,,,,,,,,,,1858,,,,,,1858,,,,,,1858,,,,,,1858,,,,,,,,,,,1858,1858,1858,1858
svm_crop,number of prediction,,,,,,,,,,,,,,,,,,,,,,,,,,,,,,,,,,,,,,,,,,,,,,,,,,,,1117,,,,,,1058,,,,,,1006,,,,,,857,,,,,,,,,,,2882,2928,2867,2752
svm_crop,number of matching event,,,,,,,,,,,,,,,,,,,,,,,,,,,,,,,,,,,,,,,,,,,,,,,,,,,,959.0,,,,,,914.0,,,,,,864.0,,,,,,742.0,,,,,,,,,,,1263.0,1267.0,1223.0,1177.0
svm_crop,total matching iou,,,,,,,,,,,,,,,,,,,,,,,,,,,,,,,,,,,,,,,,,,,,,,,,,,,,665.9093961593962,,,,,,631.2135753135752,,,,,,574.9042443667444,,,,,,491.29554473304466,,,,,,,,,,,520.3786796536797,483.1667027417027,423.94527417027405,356.7424963924964
svm_crop,encounter number error,,,,,,,,,,,,,,,,,,,,,,,,,,,,,,,,,,,,,,,,,,,,,,,,,,,,741,,,,,,800,,,,,,852,,,,,,1001,,,,,,,,,,,1024,1070,1009,894
svm_crop,encounter error rate,,,,,,,,,,,,,,,,,,,,,,,,,,,,,,,,,,,,,,,,,,,,,,,,,,,,0.39881593110871905,,,,,,0.43057050592034446,,,,,,0.45855758880516684,,,,,,0.538751345532831,,,,,,,,,,,0.5511302475780409,0.5758880516684607,0.5430570505920345,0.48116254036598494
svm_crop,event precision,,,,,,,,,,,,,,,,,,,,,,,,,,,,,,,,,,,,,,,,,,,,,,,,,,,,0.8585496866606983,,,,,,0.8638941398865785,,,,,,0.8588469184890656,,,,,,0.8658109684947491,,,,,,,,,,,0.43823733518390007,0.4327185792349727,0.42657830484827347,0.4276889534883721
svm_crop,event recall,,,,,,,,,,,,,,,,,,,,,,,,,,,,,,,,,,,,,,,,,,,,,,,,,,,,0.5161463939720129,,,,,,0.49192680301399355,,,,,,0.465016146393972,,,,,,0.3993541442411195,,,,,,,,,,,0.6797631862217438,0.6819160387513455,0.6582346609257266,0.6334768568353067
svm_crop,event F-score,,,,,,,,,,,,,,,,,,,,,,,,,,,,,,,,,,,,,,,,,,,,,,,,,,,,0.6447058823529411,,,,,,0.6268861454046639,,,,,,0.6033519553072626,,,,,,0.5465930018416206,,,,,,,,,,,0.5329113924050632,0.5294609277058087,0.5176719576719576,0.5106290672451194
svm_crop,pred event,,,,,,,,,,,,,,,,,,,,,,,,,,,,,,,,,,,,,,,,,,,,,,,,,,,,[0 1 1 ... 1 1 1],,,,,,[0 1 1 ... 1 1 1],,,,,,[0 0 1 ... 1 1 0],,,,,,"[1 1 1 1 1 1 0 0 0 0 0 0 0 0 0 1 1 1 1 1 1 1 1 1 0 0 1 1 1 1 1 1 1 1 1 1 1
 1 1 1 1 1 1 1 1 1 1 0 1 1 1 1 1 1 1 1 1 1 1 0 0 0 0 0 0 0 0 0 0 0 0 0 1 1
 1 1 1 1 1 1 1 1 1 1 1 1 1 1 1 1 1 1 1 1 1 1 1 1 1 1 1 1 1 1 1 1 1 1 1 1 0
 0 0 1 1 1 1 1 1 1 1 1 1 1 1 1 1 1 1 1 0 0 0 1 1 0 0 1 1 1 1 1 1 1 1 1 1 1
 1 1 1 1 1 1 1 1 1 1 1 1 1 0 0 0 0 0 1 1 0 0 0 1 1 1 1 1 1 1 1 1 1 1 1 1 1
 1 1 1 1 1 1 1 1 1 1 1 1 1 1 1 1 1 1 1 1 1 1 1 1 1 1 1 1 1 1 1 1 1 1 1 1 1
 1 1 1 1 1 1 1 1 1 1 1 1 1 1 1 1 1 1 0 0 0 0 0 0 0 0 0 0 0 0 0 0 0 0 0 0 1
 1 0 0 0 1 1 1 1 1 1 1 1 1 1 1 1 1 1 1 1 1 1 1 1 1 1 1 1 0 1 1 1 1 1 1 1 1
 1 1 1 1 1 1 1 1 1 1 1 1 1 1 1 1 0 1 1 1 1 1 1 1 1 1 1 1 1 1 1 1 1 1 1 1 1
 1 1 1 1 1 1 1 1 1 1 1 1 1 1 1 1 1 1 1 1 1 1 1 1 1 1 1 1 1 1 1 1 1 1 1 1 1
 1 1 1 1 1 1 1 1 0 0 1 1 1 1 1 1 1 1 1 1 1 1 1 1 1 1 1 1 1 1 1 1 1 1 0 1 1
 1 1 1 1 1 1 1 1 1 1 1 1 1 1 1 1 1 1 1 1 1 1 1 1 1 1 1 1 1 1 1 1 1 0 0 0 0
 0 0 0 1 1 1 1 1 1 1 1 1 1 1 1 1 1 1 1 1 1 1 1 1 1 1 1 1 1 1 1 1 1 1 1 1 1
 1 1 1 1 1 1 1 1 1 1 1 1 1 1 1 1 1 1 1 0 1 1 1 1 0 0 0 1 1 1 1 1 1 1 1 1 1
 1 1 1 1 1 1 1 1 1 1 1 1 1 1 1 1 1 1 1 1 1 1 1 1 1 1 1 1 1 1 0 0 1 1 1 1 1
 1 1 1 1 1 1 1 1 1 1 1 1 1 1 1 1 1 1 1 1 1 1 1 1 1 1 1 1 1 1 1 1 1 1 1 1 1
 1 1 1 1 1 1 1 1 1 1 1 1 1 1 1 1 1 1 1 1 1 0 1 1 1 1 1 1 0 0 0 1 1 1 1 1 1
 1 1 1 0 1 1 1 1 1 1 1 1 1 1 1 1 1 1 1 1 1 1 1 1 1 1 1 1 1 1 1 1 1 0 0 0 0
 0 0 0 0 0 0 0 0 0 0 1 1 1 1 1 1 1 1 1 1 1 1 1 1 1 1 1 1 1 1 1 1 1 1 1 1 1
 1 0 1 1 1 1 1 1 1 1 1 1 1 1 1 1 1 1 1 1 1 1 1 1 1 1 1 1 1 1 1 1 1 1 1 1 1
 1 1 1 1 1 0 1 1 1 1 1 1 1 1 1 1 1 1 1 1 1 1 1 1 1 1 1 1 1 1 1 1 1 1 1 1 1
 1 1 1 1 1 1 1 1 1 0 0 0 0 0 1 1 1 1 1 1 1 1 1 1 1 1 1 1 1 1 1 1 1 1 1 1 1
 1 1 1 1 1 1 1 1 1 1 1 1 1 1 1 1 1 1 1 1 1 1 1 1 1 1 1 1 1 1 1 1 1 0 0 0 0
 0 0 0 0 0 1]",,,,,,,,,,,[0 0 0 ... 1 1 0],[0 0 0 ... 1 0 0],[0 0 0 ... 1 0 0],[0 0 0 ... 1 1 0]
svm_crop,label event,,,,,,,,,,,,,,,,,,,,,,,,,,,,,,,,,,,,,,,,,,,,,,,,,,,,[0 0 0 ... 0 0 0],,,,,,[0 0 0 ... 0 0 0],,,,,,[0 0 0 ... 0 0 0],,,,,,[0 0 0 ... 0 0 0],,,,,,,,,,,[0 0 0 ... 0 0 0],[0 0 0 ... 0 0 0],[0 0 0 ... 0 0 0],[0 0 0 ... 1 0 0]
svm_crop,c_value_set,,,,,,,,,,,,,,,,,,,,,,,,,,,,,,,,,,,,,,,,,,,,,,,,,,,,,,,,,,,,,,,,,,,,,,,,,,,,,,,,,"[10.0, 100.0, 10.0, 10.0]","[10.0, 100.0, 10.0, 10.0]","[10.0, 100.0, 10.0, 10.0]","[10.0, 100.0, 10.0, 10.0]"
